"","pid","trial","datetime","type","item","exposure_time","use","react_(clear)","react_angry","react_disgust","react_heart","react_laugh","react_like","react_sad","react_surprise","react","share","comment","comment_made"
"1","14139661",1,"25/09/2025 12:14:16","filler","yacht",15820.7000000007,TRUE,0,0,0,0,0,0,0,0,0,0,NA,0
"2","14139661",2,"25/09/2025 12:14:25","filler","puppy",9434.2,TRUE,0,0,0,0,0,0,0,0,0,0,NA,0
"3","14139661",3,"25/09/2025 12:14:28","filler","watch",2811.00000000149,TRUE,0,0,0,0,0,0,0,0,0,0,NA,0
"4","14139661",4,"25/09/2025 12:14:31","filler","natgeo",3068.40000000074,TRUE,0,0,0,0,0,0,0,0,0,0,NA,0
"5","14139661",5,"25/09/2025 12:14:33","filler","pizza",1632.00000000074,TRUE,0,0,0,0,0,0,0,0,0,0,NA,0
"6","14139661",6,"25/09/2025 12:14:35","filler","jewellery",1940.30000000075,TRUE,0,0,0,0,0,0,0,0,0,0,NA,0
"7","14139661",7,"25/09/2025 12:14:37","filler","fish",2096.8,TRUE,0,0,0,0,0,0,0,0,0,0,NA,0
"8","14139661",8,"25/09/2025 12:14:39","trees","trees",2589.30000000112,TRUE,0,0,0,0,0,0,0,0,0,0,NA,0
"9","14139661",9,"25/09/2025 12:14:42","filler","nasa",2823.20000000038,TRUE,0,0,0,0,0,0,0,0,0,0,NA,0
"10","14139661",10,"25/09/2025 12:14:45","filler","starwars",2728.20000000038,TRUE,0,0,0,0,0,0,0,0,0,0,NA,0
"11","14139661",11,"25/09/2025 12:14:48","filler","swaps",2715.2,TRUE,0,0,0,0,0,0,0,0,0,0,NA,0
"12","14139661",12,"25/09/2025 12:14:49","filler","train",1645.40000000149,TRUE,0,0,0,0,0,0,0,0,0,0,NA,0
"13","14139661",13,"25/09/2025 12:14:52","filler","beckham",3087.40000000111,TRUE,0,0,0,0,0,0,0,0,0,0,NA,0
"14","14139661",14,"25/09/2025 12:14:54","filler","washpo",1457.50000000112,TRUE,0,0,0,0,0,0,0,0,0,0,NA,0
"15","14139661",15,"25/09/2025 12:14:56","filler","lyrics",1808.40000000074,TRUE,0,0,0,0,0,0,0,0,0,0,NA,0
"16","14139661",16,"25/09/2025 12:15:08","filler","avocado",12814.3000000011,TRUE,0,0,0,0,0,0,0,0,0,0,NA,0
"17","14139662",1,"25/09/2025 12:16:54","filler","lyrics",10249.7,TRUE,0,0,0,0,0,0,0,0,0,0,NA,0
"18","14139662",2,"25/09/2025 12:17:04","filler","beckham",10710,TRUE,0,0,0,0,0,0,0,0,0,0,NA,0
"19","14139662",3,"25/09/2025 12:17:15","filler","train",10331.500000003,TRUE,0,0,0,0,0,0,0,0,0,0,NA,0
"20","14139662",4,"25/09/2025 12:17:41","filler","swaps",25884.500000006,TRUE,0,0,0,0,0,0,0,0,0,0,NA,0
"21","14139662",5,"25/09/2025 12:17:54","filler","yacht",13215.200000003,TRUE,0,0,0,0,0,0,0,0,0,0,NA,0
"22","14139662",6,"25/09/2025 12:17:59","filler","jewellery",5404.89999999999,TRUE,0,0,0,0,0,0,0,0,0,0,NA,0
"23","14139662",7,"25/09/2025 12:18:10","filler","fish",11089.100000006,TRUE,0,0,0,0,0,0,0,0,0,0,NA,0
"24","14139662",8,"25/09/2025 12:18:31","trees","trees",20880.6,TRUE,0,0,0,0,0,0,0,0,0,0,NA,0
"25","14139662",9,"25/09/2025 12:18:39","filler","pizza",8234.00000000148,TRUE,0,0,0,0,0,0,0,0,0,0,NA,0
"26","14139662",10,"25/09/2025 12:18:43","filler","puppy",3466.20000000298,TRUE,0,0,0,0,0,0,0,0,0,0,NA,0
"27","14139662",11,"25/09/2025 12:19:13","filler","natgeo",29929.900000006,TRUE,0,0,0,0,0,1,0,0,1,0,NA,0
"28","14139662",12,"25/09/2025 12:19:27","filler","washpo",13785.8000000015,TRUE,0,0,0,0,0,0,0,0,0,0,NA,0
"29","14139662",13,"25/09/2025 12:19:56","filler","starwars",29627.7000000059,TRUE,0,0,0,0,0,0,0,0,0,0,NA,0
"30","14139662",14,"25/09/2025 12:20:07","filler","avocado",10514.800000003,TRUE,0,0,0,0,0,0,0,0,0,0,NA,0
"31","14139662",15,"25/09/2025 12:20:14","filler","nasa",7379.90000000299,TRUE,0,0,0,0,0,0,0,0,0,0,NA,0
"32","14139662",16,"25/09/2025 12:20:17","filler","watch",3178.80000000595,TRUE,0,0,0,0,0,0,0,0,0,0,NA,0
"33","14139663",1,"25/09/2025 12:17:21","filler","fish",71079,TRUE,0,0,0,0,0,0,0,1,1,0,NA,0
"34","14139663",2,"25/09/2025 12:18:26","filler","jewellery",64396.7999999993,TRUE,0,0,0,1,0,1,0,0,2,0,NA,0
"35","14139663",3,"25/09/2025 12:18:49","filler","washpo",23916.2999999989,TRUE,0,0,0,1,0,0,0,0,1,0,NA,0
"36","14139663",4,"25/09/2025 12:20:02","filler","nasa",72608.5999999992,TRUE,0,0,0,0,0,1,0,0,1,0,NA,0
"37","14139663",5,"25/09/2025 12:20:29","filler","watch",26487.9999999989,TRUE,0,0,0,0,0,0,0,1,1,0,NA,0
"38","14139663",6,"25/09/2025 12:21:27","filler","train",58204.5999999989,TRUE,0,0,0,0,1,0,0,0,1,0,NA,0
"39","14139663",7,"25/09/2025 12:22:15","filler","natgeo",48685.1999999996,TRUE,0,0,0,0,0,0,0,1,1,0,NA,0
"40","14139663",8,"25/09/2025 12:23:00","trees","trees",44450.0000000003,TRUE,0,0,0,1,0,0,0,0,1,0,NA,0
"41","14139663",9,"25/09/2025 12:24:15","filler","avocado",75592.7999999992,TRUE,0,0,0,0,0,1,0,1,2,0,NA,0
"42","14139663",10,"25/09/2025 12:24:32","filler","lyrics",16040.1,TRUE,0,0,0,0,0,0,1,0,1,0,NA,0
"43","14139663",11,"25/09/2025 12:25:45","filler","starwars",73857.8999999993,TRUE,0,0,0,0,1,1,0,0,2,0,NA,0
"44","14139663",12,"25/09/2025 12:26:18","filler","pizza",32989.5999999996,TRUE,0,0,0,0,0,1,0,0,1,0,NA,0
"45","14139663",13,"25/09/2025 12:27:55","filler","swaps",96759.3999999989,TRUE,0,0,0,0,1,0,0,0,1,1,NA,0
"46","14139663",14,"25/09/2025 12:28:15","filler","yacht",19792.0999999989,TRUE,0,0,0,0,0,1,0,0,1,0,NA,0
"47","14139663",15,"25/09/2025 12:28:55","filler","puppy",40064.8,TRUE,1,0,0,2,0,0,0,0,2,1,NA,0
"48","14139663",16,"25/09/2025 12:29:20","filler","beckham",25222.4999999988,TRUE,0,0,1,0,0,0,0,0,1,0,NA,0
"49","14139664",1,"25/09/2025 12:17:36","filler","fish",88567.9000000089,TRUE,0,0,0,0,0,0,0,0,0,0,NA,0
"50","14139664",2,"25/09/2025 12:17:53","filler","watch",16862.000000003,TRUE,0,0,0,0,0,0,0,0,0,0,NA,0
"51","14139664",3,"25/09/2025 12:18:26","filler","jewellery",33353.7000000089,TRUE,0,0,0,0,0,0,0,0,0,0,NA,0
"52","14139664",4,"25/09/2025 12:18:41","filler","puppy",14333.4,TRUE,0,0,0,0,1,0,0,0,1,1,NA,0
"53","14139664",5,"25/09/2025 12:18:54","filler","pizza",13009.499999997,TRUE,0,0,0,0,0,0,0,0,0,0,NA,0
"54","14139664",6,"25/09/2025 12:19:34","filler","natgeo",40038.899999997,TRUE,0,0,0,0,0,1,0,0,1,1,NA,0
"55","14139664",7,"25/09/2025 12:20:45","filler","starwars",71602,TRUE,0,0,0,0,0,0,0,0,0,0,NA,0
"56","14139664",8,"25/09/2025 12:21:26","trees","trees",40616.999999997,TRUE,0,0,0,0,0,1,0,0,1,1,NA,0
"57","14139664",9,"25/09/2025 12:22:30","filler","nasa",64445.400000003,TRUE,0,0,0,0,0,0,0,0,0,1,NA,0
"58","14139664",10,"25/09/2025 12:22:37","filler","train",6405.00000000297,TRUE,0,0,0,0,0,0,0,0,0,0,NA,0
"59","14139664",11,"25/09/2025 12:22:57","filler","avocado",20032.700000003,TRUE,0,0,0,1,0,0,0,0,1,1,NA,0
"60","14139664",12,"25/09/2025 12:23:09","filler","lyrics",12337.700000003,TRUE,0,0,0,0,0,1,0,0,1,0,NA,0
"61","14139664",13,"25/09/2025 12:23:21","filler","yacht",11596.499999997,TRUE,0,0,0,0,0,0,0,0,0,0,NA,0
"62","14139664",14,"25/09/2025 12:23:32","filler","washpo",11441.8,TRUE,0,0,0,0,0,0,0,0,0,0,NA,0
"63","14139664",15,"25/09/2025 12:23:36","filler","swaps",4366.09999999701,TRUE,0,0,0,0,0,0,0,0,0,0,NA,0
"64","14139664",16,"25/09/2025 12:23:46","filler","beckham",9852.20000000298,TRUE,0,0,0,0,0,0,0,0,0,0,NA,0
"65","14139665",1,"25/09/2025 12:15:25","filler","washpo",16234.6999999046,TRUE,0,0,0,0,0,0,0,0,0,0,NA,0
"66","14139665",2,"25/09/2025 12:16:18","filler","starwars",53260.1999999523,TRUE,0,0,0,0,0,0,0,0,0,0,NA,0
"67","14139665",3,"25/09/2025 12:16:25","filler","jewellery",6968.09999990463,TRUE,0,0,0,0,0,0,0,0,0,0,NA,0
"68","14139665",4,"25/09/2025 12:17:26","filler","swaps",61030.9999999046,TRUE,0,0,0,0,0,0,0,0,0,0,NA,0
"69","14139665",5,"25/09/2025 12:18:54","filler","nasa",87252.4000000954,TRUE,0,0,0,0,0,0,0,0,0,0,NA,0
"70","14139665",6,"25/09/2025 12:19:00","filler","lyrics",5879.89999999999,TRUE,0,0,0,0,0,0,0,0,0,0,NA,0
"71","14139665",7,"25/09/2025 12:19:03","filler","beckham",3662.39999990462,TRUE,0,0,0,0,0,0,0,0,0,0,NA,0
"72","14139665",8,"25/09/2025 12:19:31","trees","trees",27745.6000000477,TRUE,0,0,0,0,0,0,0,0,0,0,NA,0
"73","14139665",9,"25/09/2025 12:20:11","filler","fish",39721.4,TRUE,0,0,0,0,0,0,0,0,0,0,NA,0
"74","14139665",10,"25/09/2025 12:20:17","filler","watch",6539.60000004771,TRUE,0,0,0,0,0,0,0,0,0,0,NA,0
"75","14139665",11,"25/09/2025 12:20:35","filler","train",18004.2000000954,TRUE,0,0,0,0,0,0,0,0,0,0,NA,0
"76","14139665",12,"25/09/2025 12:20:46","filler","puppy",11132.8999999523,TRUE,0,0,0,0,0,0,0,0,0,0,NA,0
"77","14139665",13,"25/09/2025 12:21:03","filler","pizza",16397.3000000954,TRUE,0,0,0,1,0,0,0,0,1,0,NA,0
"78","14139665",14,"25/09/2025 12:21:13","filler","avocado",9958.80000004766,TRUE,0,0,0,0,0,0,0,0,0,0,NA,0
"79","14139665",15,"25/09/2025 12:21:46","filler","yacht",33749.2999999523,TRUE,0,0,0,0,0,0,0,0,0,0,NA,0
"80","14139665",16,"25/09/2025 12:21:56","filler","natgeo",9542.50000009534,TRUE,0,0,0,1,0,0,0,0,1,0,NA,0
"81","14139666",1,"25/09/2025 12:14:46","filler","avocado",15236.0999999989,TRUE,0,0,0,0,0,1,0,0,1,0,NA,0
"82","14139666",2,"25/09/2025 12:15:02","filler","lyrics",16046.3999999996,TRUE,0,0,0,0,0,1,0,0,1,0,"real.",1
"83","14139666",3,"25/09/2025 12:15:20","filler","washpo",18772,TRUE,0,0,0,0,0,1,0,0,1,0,NA,0
"84","14139666",4,"25/09/2025 12:15:40","filler","fish",19899.7,TRUE,0,0,0,0,0,0,0,0,0,0,NA,0
"85","14139666",5,"25/09/2025 12:15:50","filler","yacht",9238.99999999962,TRUE,0,0,0,0,0,0,0,0,0,0,NA,0
"86","14139666",6,"25/09/2025 12:16:02","filler","train",11990.4,TRUE,0,0,0,0,1,0,0,0,1,0,NA,0
"87","14139666",7,"25/09/2025 12:16:14","filler","natgeo",12685.0999999992,TRUE,0,0,0,1,0,0,0,0,1,0,NA,0
"88","14139666",8,"25/09/2025 12:16:35","trees","trees",20680.3,TRUE,0,0,0,0,0,1,0,0,1,0,NA,0
"89","14139666",9,"25/09/2025 12:16:47","filler","nasa",12274.2,TRUE,0,0,0,0,0,0,0,0,0,0,NA,0
"90","14139666",10,"25/09/2025 12:17:08","filler","swaps",20841.7000000004,TRUE,0,0,0,0,0,0,0,0,0,0,NA,0
"91","14139666",11,"25/09/2025 12:17:13","filler","beckham",4709.09999999963,TRUE,0,0,0,0,0,0,0,0,0,0,NA,0
"92","14139666",12,"25/09/2025 12:17:19","filler","jewellery",6506.10000000038,TRUE,0,0,0,0,0,1,0,0,1,0,NA,0
"93","14139666",13,"25/09/2025 12:17:54","filler","starwars",35040.7000000004,TRUE,0,0,0,0,0,0,0,0,0,0,NA,0
"94","14139666",14,"25/09/2025 12:17:56","filler","watch",1805.80000000037,TRUE,0,0,0,0,0,0,0,0,0,0,NA,0
"95","14139666",15,"25/09/2025 12:18:06","filler","pizza",9861.09999999925,TRUE,0,0,0,1,0,0,0,0,1,0,NA,0
"96","14139666",16,"25/09/2025 12:18:08","filler","puppy",2192.99999999889,TRUE,0,0,0,0,0,0,0,0,0,0,NA,0
"97","14139667",1,"25/09/2025 12:22:20","filler","puppy",4439.89999990464,TRUE,0,0,0,0,0,0,0,0,0,0,NA,0
"98","14139667",2,"25/09/2025 12:22:24","filler","beckham",3629.49999995231,TRUE,0,0,0,0,0,0,0,0,0,0,NA,0
"99","14139667",3,"25/09/2025 12:22:46","filler","natgeo",22265.8000000477,TRUE,0,0,0,0,0,1,0,0,1,0,NA,0
"100","14139667",4,"25/09/2025 12:23:07","filler","avocado",20980.5999999046,TRUE,0,0,0,0,1,0,0,0,1,0,NA,0
"101","14139667",5,"25/09/2025 12:23:10","filler","fish",2890.89999999999,TRUE,0,0,0,0,0,0,0,0,0,0,NA,0
"102","14139667",6,"25/09/2025 12:23:20","filler","yacht",10191.9,TRUE,0,0,0,0,0,0,0,0,0,0,NA,0
"103","14139667",7,"25/09/2025 12:23:27","filler","watch",6684.60000000001,TRUE,0,0,0,0,0,0,0,0,0,0,NA,0
"104","14139667",8,"25/09/2025 12:23:36","trees","trees",9619.3,TRUE,0,0,0,0,0,0,0,0,0,0,NA,0
"105","14139667",9,"25/09/2025 12:23:57","filler","washpo",20921.3000000954,TRUE,0,0,0,0,0,0,0,0,0,0,NA,0
"106","14139667",10,"25/09/2025 12:23:59","filler","swaps",1974.99999995233,TRUE,0,0,0,0,0,0,0,0,0,0,NA,0
"107","14139667",11,"25/09/2025 12:24:12","filler","train",12302.4999999523,TRUE,0,0,0,0,0,0,0,0,0,0,NA,0
"108","14139667",12,"25/09/2025 12:24:26","filler","nasa",14147.1999999523,TRUE,0,0,0,0,0,0,0,0,0,0,NA,0
"109","14139667",13,"25/09/2025 12:25:31","filler","starwars",64983.4999999523,TRUE,0,0,0,0,0,0,0,0,0,0,NA,0
"110","14139667",14,"25/09/2025 12:25:53","filler","jewellery",22634.3999999523,TRUE,0,0,0,0,0,0,0,0,0,0,NA,0
"111","14139667",15,"25/09/2025 12:25:55","filler","pizza",1399.39999999999,TRUE,0,0,0,0,0,0,0,0,0,0,NA,0
"112","14139667",16,"25/09/2025 12:25:58","filler","lyrics",3233.99999995233,TRUE,0,0,0,0,0,0,0,0,0,0,NA,0
"113","14139668",1,"25/09/2025 12:22:05","filler","yacht",5362.2,TRUE,0,0,0,0,0,0,0,0,0,0,NA,0
"114","14139668",2,"25/09/2025 12:22:09","filler","train",4005.20000004768,TRUE,0,0,0,0,0,0,0,0,0,0,NA,0
"115","14139668",3,"25/09/2025 12:22:17","filler","lyrics",7726.00000009537,TRUE,0,0,0,1,0,0,0,0,1,0,NA,0
"116","14139668",4,"25/09/2025 12:22:20","filler","beckham",3022.8,TRUE,0,0,0,0,0,0,0,0,0,0,NA,0
"117","14139668",5,"25/09/2025 12:22:23","filler","washpo",3172.20000009537,TRUE,0,0,0,0,0,0,0,0,0,0,NA,0
"118","14139668",6,"25/09/2025 12:22:26","filler","natgeo",2810.30000004769,TRUE,0,0,0,0,0,0,0,0,0,0,NA,0
"119","14139668",7,"25/09/2025 12:22:35","filler","jewellery",9145.10000000001,TRUE,0,0,0,0,0,1,0,0,1,0,NA,0
"120","14139668",8,"25/09/2025 12:22:39","trees","trees",4255,TRUE,0,0,0,0,0,0,0,0,0,0,NA,0
"121","14139668",9,"25/09/2025 12:22:41","filler","watch",1755.80000004769,TRUE,0,0,0,0,0,0,0,0,0,0,NA,0
"122","14139668",10,"25/09/2025 12:22:43","filler","starwars",1890.29999995232,TRUE,0,0,0,0,0,0,0,0,0,0,NA,0
"123","14139668",11,"25/09/2025 12:22:49","filler","puppy",5470.9000000477,TRUE,0,0,0,0,0,0,0,0,0,0,NA,0
"124","14139668",12,"25/09/2025 12:23:08","filler","avocado",19276.6000000477,TRUE,0,0,0,0,0,1,0,0,1,0,NA,0
"125","14139668",13,"25/09/2025 12:23:13","filler","swaps",4891.69999995231,TRUE,0,0,0,0,0,0,0,0,0,0,NA,0
"126","14139668",14,"25/09/2025 12:23:21","filler","pizza",8468.00000009537,TRUE,0,0,0,0,0,1,0,0,1,0,NA,0
"127","14139668",15,"25/09/2025 12:23:26","filler","fish",4515.60000004768,TRUE,0,0,0,0,0,0,0,0,0,0,NA,0
"128","14139668",16,"25/09/2025 12:23:29","filler","nasa",3849.59999990463,TRUE,0,0,0,0,0,0,0,0,0,0,NA,0
"129","14139669",1,"25/09/2025 12:14:42","filler","yacht",10699.6,TRUE,0,0,0,0,0,0,0,0,0,0,NA,0
"130","14139669",2,"25/09/2025 12:14:50","filler","beckham",7939.78,TRUE,0,0,0,0,0,0,0,0,0,0,NA,0
"131","14139669",3,"25/09/2025 12:15:00","filler","natgeo",9959.78,TRUE,0,0,0,0,0,0,0,0,0,0,NA,0
"132","14139669",4,"25/09/2025 12:15:10","filler","fish",9731.18,TRUE,0,0,0,0,0,0,0,0,0,0,NA,0
"133","14139669",5,"25/09/2025 12:15:21","filler","avocado",11684.98,TRUE,0,0,0,0,0,0,0,0,0,0,NA,0
"134","14139669",6,"25/09/2025 12:15:35","filler","jewellery",14045.1,TRUE,0,0,0,0,0,0,0,0,0,0,NA,0
"135","14139669",7,"25/09/2025 12:15:46","filler","nasa",10652.34,TRUE,0,0,0,0,0,0,0,0,0,0,NA,0
"136","14139669",8,"25/09/2025 12:15:55","trees","trees",9170.75999999999,TRUE,0,0,0,0,0,0,0,0,0,0,NA,0
"137","14139669",9,"25/09/2025 12:16:05","filler","washpo",10295.54,TRUE,0,0,0,0,0,0,0,0,0,0,NA,0
"138","14139669",10,"25/09/2025 12:16:24","filler","pizza",18211.6,TRUE,0,0,0,0,0,0,0,0,0,0,NA,0
"139","14139669",11,"25/09/2025 12:16:26","filler","puppy",2705.34,TRUE,0,0,0,0,0,0,0,0,0,0,NA,0
"140","14139669",12,"25/09/2025 12:16:29","filler","lyrics",3227.44,TRUE,0,0,0,0,0,0,0,0,0,0,NA,0
"141","14139669",13,"25/09/2025 12:16:41","filler","train",11593.9,TRUE,0,0,0,0,0,0,0,0,0,0,NA,0
"142","14139669",14,"25/09/2025 12:16:45","filler","swaps",4029.04000000001,TRUE,0,0,0,0,0,0,0,0,0,0,NA,0
"143","14139669",15,"25/09/2025 12:16:47","filler","starwars",1980.62,TRUE,0,0,0,0,0,0,0,0,0,0,NA,0
"144","14139669",16,"25/09/2025 12:16:49","filler","watch",1859.04000000001,TRUE,0,0,0,0,0,0,0,0,0,0,NA,0
"145","14139670",1,"25/09/2025 12:14:58","filler","jewellery",14828.6,TRUE,0,0,0,0,0,1,0,0,1,0,NA,0
"146","14139670",2,"25/09/2025 12:15:05","filler","avocado",7346.39999997616,TRUE,0,0,0,0,0,0,0,0,0,0,NA,0
"147","14139670",3,"25/09/2025 12:15:36","filler","yacht",31201.1999999762,TRUE,0,0,0,0,0,0,0,0,0,0,NA,0
"148","14139670",4,"25/09/2025 12:15:41","filler","lyrics",4179.20000000001,TRUE,0,0,0,0,0,0,0,0,0,0,NA,0
"149","14139670",5,"25/09/2025 12:15:59","filler","swaps",18764.5,TRUE,0,0,0,0,0,1,0,0,1,0,NA,0
"150","14139670",6,"25/09/2025 12:16:03","filler","watch",3424.39999990464,TRUE,0,0,0,0,0,0,0,0,0,0,NA,0
"151","14139670",7,"25/09/2025 12:16:12","filler","washpo",9339.39999999999,TRUE,0,0,0,0,0,0,0,0,0,0,NA,0
"152","14139670",8,"25/09/2025 12:16:21","trees","trees",8756.99999990463,TRUE,0,0,0,0,0,1,0,0,1,0,NA,0
"153","14139670",9,"25/09/2025 12:16:26","filler","puppy",5718.79999992848,TRUE,0,0,0,0,0,1,0,0,1,0,NA,0
"154","14139670",10,"25/09/2025 12:16:40","filler","natgeo",13503.1,TRUE,0,0,0,1,0,0,0,0,1,0,NA,0
"155","14139670",11,"25/09/2025 12:16:45","filler","train",4951.69999992847,TRUE,0,0,0,0,0,0,0,0,0,0,NA,0
"156","14139670",12,"25/09/2025 12:16:49","filler","beckham",3871.29999997615,TRUE,0,0,0,0,0,0,0,0,0,0,NA,0
"157","14139670",13,"25/09/2025 12:16:52","filler","fish",3059.49999997616,TRUE,0,0,0,0,0,0,0,0,0,0,NA,0
"158","14139670",14,"25/09/2025 12:16:57","filler","pizza",5485.60000000001,TRUE,0,0,0,0,0,0,0,0,0,0,NA,0
"159","14139670",15,"25/09/2025 12:16:59","filler","nasa",1977.49999995233,TRUE,0,0,0,0,0,0,0,0,0,0,NA,0
"160","14139670",16,"25/09/2025 12:17:01","filler","starwars",1741.39999995232,TRUE,0,0,0,0,0,0,0,0,0,0,NA,0
"161","14139671",1,"25/09/2025 12:15:43","filler","nasa",22849.5,TRUE,0,0,0,0,0,0,0,0,0,0,NA,0
"162","14139671",2,"25/09/2025 12:16:00","filler","jewellery",17066.799999857,TRUE,0,0,0,0,0,0,0,0,0,0,NA,0
"163","14139671",3,"25/09/2025 12:18:16","filler","yacht",136305.999999952,FALSE,0,0,0,0,0,0,0,0,0,0,NA,0
"164","14139671",4,"25/09/2025 12:19:07","filler","natgeo",50892.2000000477,TRUE,0,0,0,0,0,0,0,0,0,0,NA,0
"165","14139671",5,"25/09/2025 12:19:36","filler","lyrics",29280.9999999523,TRUE,0,0,0,0,0,0,0,0,0,0,NA,0
"166","14139671",6,"25/09/2025 12:19:57","filler","starwars",20933.2,TRUE,0,0,0,0,0,0,0,0,0,0,NA,0
"167","14139671",7,"25/09/2025 12:20:26","filler","fish",28712.2,TRUE,0,0,0,0,0,0,0,0,0,0,NA,0
"168","14139671",8,"25/09/2025 12:20:58","trees","trees",32316.3,TRUE,0,0,0,0,0,0,0,0,0,0,NA,0
"169","14139671",9,"25/09/2025 12:21:15","filler","pizza",16993.3999998569,TRUE,0,0,0,0,0,0,0,0,0,0,NA,0
"170","14139671",10,"25/09/2025 12:21:37","filler","avocado",21336.9,TRUE,0,0,0,0,0,0,0,0,0,0,NA,0
"171","14139671",11,"25/09/2025 12:21:57","filler","washpo",20676.3,TRUE,0,0,0,0,0,0,0,0,0,0,NA,0
"172","14139671",12,"25/09/2025 12:22:38","filler","swaps",40472.9999999523,TRUE,0,0,0,0,0,0,0,0,0,0,NA,0
"173","14139671",13,"25/09/2025 12:22:53","filler","beckham",14958.599999857,TRUE,0,0,0,0,0,0,0,0,0,0,NA,0
"174","14139671",14,"25/09/2025 12:23:06","filler","train",13881,TRUE,0,0,0,0,0,0,0,0,0,0,NA,0
"175","14139671",15,"25/09/2025 12:23:14","filler","puppy",7205.29999990464,TRUE,0,0,0,0,0,0,0,0,0,0,NA,0
"176","14139671",16,"25/09/2025 12:23:28","filler","watch",13973.8999999046,TRUE,0,0,0,0,0,0,0,0,0,0,NA,0
"177","14139672",1,"25/09/2025 12:15:01","filler","swaps",39618.6999999642,TRUE,0,0,0,0,0,0,0,0,0,0,NA,0
"178","14139672",2,"25/09/2025 12:15:23","filler","yacht",21742.9,TRUE,0,0,0,0,0,1,0,0,1,0,NA,0
"179","14139672",3,"25/09/2025 12:15:28","filler","watch",4835,TRUE,0,0,0,0,0,0,0,0,0,0,NA,0
"180","14139672",4,"25/09/2025 12:15:46","filler","nasa",17853.1000000119,TRUE,0,0,0,1,0,0,0,0,1,0,NA,0
"181","14139672",5,"25/09/2025 12:15:55","filler","lyrics",9682.59999998807,TRUE,0,0,0,0,0,0,0,0,0,1,NA,0
"182","14139672",6,"25/09/2025 12:15:59","filler","train",4179.60000000001,TRUE,0,0,0,0,0,0,0,0,0,0,NA,0
"183","14139672",7,"25/09/2025 12:16:03","filler","puppy",3491.29999996423,TRUE,0,0,0,0,0,0,0,0,0,0,NA,0
"184","14139672",8,"25/09/2025 12:16:14","trees","trees",10805.6000000119,TRUE,0,0,0,0,0,0,0,0,0,0,NA,0
"185","14139672",9,"25/09/2025 12:16:25","filler","natgeo",11065.0999999762,TRUE,0,0,0,1,0,0,0,0,1,0,NA,0
"186","14139672",10,"25/09/2025 12:16:32","filler","pizza",6928.50000001193,TRUE,0,0,0,0,0,0,0,0,0,0,NA,0
"187","14139672",11,"25/09/2025 12:17:01","filler","starwars",29514.3999999881,TRUE,0,0,0,1,0,0,0,0,1,0,NA,0
"188","14139672",12,"25/09/2025 12:17:11","filler","avocado",10186.8999999881,TRUE,0,0,0,0,0,0,0,0,0,0,NA,0
"189","14139672",13,"25/09/2025 12:17:20","filler","fish",8941.19999996424,TRUE,0,0,0,0,0,0,0,0,0,0,NA,0
"190","14139672",14,"25/09/2025 12:17:30","filler","beckham",9402.89999998809,TRUE,0,0,0,0,0,1,0,0,1,0,NA,0
"191","14139672",15,"25/09/2025 12:17:44","filler","washpo",14104.1999999642,TRUE,0,0,0,0,0,1,0,0,1,0,NA,0
"192","14139672",16,"25/09/2025 12:17:53","filler","jewellery",9474.29999997615,TRUE,0,0,0,0,0,0,0,0,0,0,NA,0
"193","14139673",1,"25/09/2025 12:16:17","filler","starwars",72676.899999997,TRUE,0,0,0,0,0,0,0,0,0,0,NA,0
"194","14139673",2,"25/09/2025 12:17:11","filler","swaps",54443.5,TRUE,0,0,0,0,0,0,0,0,0,0,NA,0
"195","14139673",3,"25/09/2025 12:17:29","filler","jewellery",17535.900000006,TRUE,0,0,0,0,0,0,0,0,0,0,NA,0
"196","14139673",4,"25/09/2025 12:17:44","filler","lyrics",15318.199999994,TRUE,0,0,0,0,0,0,0,0,0,0,NA,0
"197","14139673",5,"25/09/2025 12:18:00","filler","watch",15944.9,TRUE,0,0,0,0,0,0,0,0,0,0,NA,0
"198","14139673",6,"25/09/2025 12:18:16","filler","washpo",15304.499999994,TRUE,0,0,0,0,0,0,0,0,0,0,NA,0
"199","14139673",7,"25/09/2025 12:18:38","filler","natgeo",22769.4,TRUE,0,0,0,0,0,0,0,0,0,0,NA,0
"200","14139673",8,"25/09/2025 12:19:06","trees","trees",27985.100000003,TRUE,0,0,0,0,0,0,0,0,0,0,NA,0
"201","14139673",9,"25/09/2025 12:19:22","filler","train",15749.6,TRUE,0,0,0,0,0,0,0,0,0,0,NA,0
"202","14139673",10,"25/09/2025 12:19:40","filler","pizza",17657.600000003,TRUE,0,0,0,0,0,0,0,0,0,0,NA,0
"203","14139673",11,"25/09/2025 12:19:54","filler","puppy",14696.800000006,TRUE,0,0,0,0,0,0,0,0,0,0,NA,0
"204","14139673",12,"25/09/2025 12:20:19","filler","beckham",24158.699999997,TRUE,0,0,0,0,0,0,0,0,0,0,NA,0
"205","14139673",13,"25/09/2025 12:20:38","filler","yacht",19318.199999997,TRUE,0,0,0,0,0,0,0,0,0,0,NA,0
"206","14139673",14,"25/09/2025 12:20:57","filler","nasa",18846.9,TRUE,0,0,0,0,0,0,0,0,0,0,NA,0
"207","14139673",15,"25/09/2025 12:21:29","filler","fish",32121.5,TRUE,0,0,0,0,0,0,0,0,0,0,NA,0
"208","14139673",16,"25/09/2025 12:21:48","filler","avocado",19504.2999999941,TRUE,0,0,0,0,0,0,0,0,0,0,NA,0
"209","14139674",1,"25/09/2025 12:15:48","filler","avocado",18734.7,TRUE,0,0,0,0,0,0,0,0,0,0,NA,0
"210","14139674",2,"25/09/2025 12:16:18","filler","puppy",30379.6,TRUE,0,0,0,0,0,0,0,0,0,0,NA,0
"211","14139674",3,"25/09/2025 12:16:46","filler","pizza",27747.6000000119,TRUE,0,0,0,0,0,1,0,0,1,0,NA,0
"212","14139674",4,"25/09/2025 12:18:18","filler","starwars",91781.0000000179,TRUE,0,0,0,0,0,0,0,0,0,0,NA,0
"213","14139674",5,"25/09/2025 12:18:35","filler","nasa",16769.8000000179,TRUE,0,0,0,0,0,0,0,0,0,0,NA,0
"214","14139674",6,"25/09/2025 12:22:16","filler","swaps",221308.700000012,FALSE,0,0,0,0,1,0,0,0,1,0,NA,0
"215","14139674",7,"25/09/2025 12:23:45","filler","fish",88936.6000000179,TRUE,0,0,0,0,0,0,0,0,0,0,NA,0
"216","14139674",8,"25/09/2025 12:24:41","trees","trees",56253.900000006,TRUE,0,0,0,0,0,1,0,0,1,0,NA,0
"217","14139674",9,"25/09/2025 12:24:49","filler","lyrics",8083.90000000002,TRUE,0,0,0,0,0,0,0,0,0,0,NA,0
"218","14139674",10,"25/09/2025 12:25:15","filler","natgeo",26094.800000006,TRUE,0,0,0,0,0,0,0,0,0,0,NA,0
"219","14139674",11,"25/09/2025 12:25:33","filler","jewellery",17893.0000000119,TRUE,0,0,0,0,0,0,0,0,0,1,NA,0
"220","14139674",12,"25/09/2025 12:26:06","filler","train",32532.3000000179,TRUE,0,0,0,0,1,0,0,0,1,0,NA,0
"221","14139674",13,"25/09/2025 12:26:06","filler","beckham",327.300000000047,TRUE,0,0,0,0,0,0,0,0,0,0,NA,0
"222","14139674",14,"25/09/2025 12:26:13","filler","watch",7386.60000002384,TRUE,0,0,0,0,0,0,0,0,0,0,NA,0
"223","14139674",15,"25/09/2025 12:26:26","filler","washpo",12435.1,TRUE,0,0,0,0,0,0,0,0,0,0,NA,0
"224","14139674",16,"25/09/2025 12:26:47","filler","yacht",21659.9000000178,TRUE,0,0,0,0,0,0,0,0,0,0,NA,0
"225","14139675",1,"25/09/2025 12:15:59","filler","yacht",19808,TRUE,0,0,0,0,0,0,0,0,0,0,NA,0
"226","14139675",2,"25/09/2025 12:16:14","filler","beckham",14670,TRUE,0,0,0,0,0,0,0,0,0,0,NA,0
"227","14139675",3,"25/09/2025 12:16:37","filler","washpo",22509,TRUE,0,0,0,0,0,0,0,0,0,0,NA,0
"228","14139675",4,"25/09/2025 12:16:43","filler","puppy",6370,TRUE,0,0,0,0,0,0,0,0,0,0,NA,0
"229","14139675",5,"25/09/2025 12:17:04","filler","natgeo",20841,TRUE,0,0,0,0,0,0,0,0,0,0,NA,0
"230","14139675",6,"25/09/2025 12:17:13","filler","pizza",9422,TRUE,0,0,0,0,0,0,0,0,0,0,NA,0
"231","14139675",7,"25/09/2025 12:17:24","filler","jewellery",11153,TRUE,0,0,0,0,0,0,0,0,0,0,NA,0
"232","14139675",8,"25/09/2025 12:17:50","trees","trees",25911,TRUE,0,0,0,0,0,0,0,0,0,0,NA,0
"233","14139675",9,"25/09/2025 12:17:57","filler","watch",6416,TRUE,0,0,0,0,0,0,0,0,0,0,NA,0
"234","14139675",10,"25/09/2025 12:18:44","filler","starwars",47592,TRUE,0,0,0,0,0,0,0,0,0,0,NA,0
"235","14139675",11,"25/09/2025 12:18:50","filler","train",6171,TRUE,0,0,0,0,0,0,0,0,0,0,NA,0
"236","14139675",12,"25/09/2025 12:19:03","filler","fish",12237,TRUE,0,0,0,0,0,0,0,0,0,0,NA,0
"237","14139675",13,"25/09/2025 12:19:13","filler","avocado",10268,TRUE,0,0,0,0,0,0,0,0,0,0,NA,0
"238","14139675",14,"25/09/2025 12:19:22","filler","nasa",8965,TRUE,0,0,0,0,0,0,0,0,0,0,NA,0
"239","14139675",15,"25/09/2025 12:20:13","filler","swaps",51563,TRUE,0,0,0,0,0,0,0,0,0,0,NA,0
"240","14139675",16,"25/09/2025 12:20:18","filler","lyrics",4854,TRUE,0,0,0,0,0,0,0,0,0,0,NA,0
"241","14139676",1,"25/09/2025 12:15:27","filler","jewellery",11633.799999997,TRUE,0,0,0,0,0,0,0,0,0,0,NA,0
"242","14139676",2,"25/09/2025 12:15:36","filler","beckham",9380.99999999404,TRUE,0,0,0,0,0,0,0,0,0,0,NA,0
"243","14139676",3,"25/09/2025 12:16:01","filler","fish",25367.299999994,TRUE,0,0,0,0,0,0,0,0,0,0,NA,0
"244","14139676",4,"25/09/2025 12:16:09","filler","watch",7366.09999999106,TRUE,0,0,0,0,0,0,0,0,0,0,NA,0
"245","14139676",5,"25/09/2025 12:16:55","filler","nasa",46719.299999997,TRUE,0,0,0,0,0,1,0,0,1,0,NA,0
"246","14139676",6,"25/09/2025 12:17:13","filler","natgeo",17666.4,TRUE,0,0,0,1,0,0,0,0,1,0,NA,0
"247","14139676",7,"25/09/2025 12:17:25","filler","washpo",11782.099999997,TRUE,0,0,0,0,0,1,0,0,1,0,NA,0
"248","14139676",8,"25/09/2025 12:17:31","trees","trees",6329.49999999403,TRUE,0,0,0,0,0,0,0,0,0,0,NA,0
"249","14139676",9,"25/09/2025 12:17:41","filler","avocado",10413.399999994,TRUE,0,0,0,0,0,0,0,0,0,0,NA,0
"250","14139676",10,"25/09/2025 12:17:55","filler","swaps",13363.599999997,TRUE,0,0,0,0,0,0,0,0,0,0,NA,0
"251","14139676",11,"25/09/2025 12:18:04","filler","puppy",9497.29999999105,TRUE,0,0,0,0,0,1,0,0,1,0,NA,0
"252","14139676",12,"25/09/2025 12:18:24","filler","yacht",20019.400000003,TRUE,0,0,0,0,0,0,0,0,0,0,NA,0
"253","14139676",13,"25/09/2025 12:18:34","filler","lyrics",9757.90000000299,TRUE,0,0,0,1,0,0,0,0,1,0,NA,0
"254","14139676",14,"25/09/2025 12:18:38","filler","pizza",4200.70000000001,TRUE,0,0,0,0,0,0,0,0,0,0,NA,0
"255","14139676",15,"25/09/2025 12:18:53","filler","train",15201.2999999911,TRUE,0,0,0,0,1,0,0,0,1,0,NA,0
"256","14139676",16,"25/09/2025 12:19:29","filler","starwars",35436.4,TRUE,0,0,0,0,0,0,0,0,0,0,NA,0
"257","14139677",1,"25/09/2025 12:18:22","filler","lyrics",10096.66,TRUE,0,0,0,0,0,0,0,0,0,0,NA,0
"258","14139677",2,"25/09/2025 12:19:29","filler","starwars",67016.8,TRUE,0,0,0,0,0,0,0,1,1,1,NA,0
"259","14139677",3,"25/09/2025 12:19:36","filler","jewellery",7513.24000000001,TRUE,0,0,0,0,0,0,0,0,0,0,NA,0
"260","14139677",4,"25/09/2025 12:19:52","filler","yacht",15820.8,TRUE,0,0,0,0,0,0,0,0,0,0,NA,0
"261","14139677",5,"25/09/2025 12:20:18","filler","washpo",25940.3,TRUE,0,0,0,1,0,0,0,0,1,1,NA,0
"262","14139677",6,"25/09/2025 12:21:08","filler","swaps",49506.64,TRUE,0,0,0,0,0,0,0,0,0,0,NA,0
"263","14139677",7,"25/09/2025 12:21:34","filler","fish",26589.9,TRUE,0,0,0,0,0,0,0,0,0,0,NA,0
"264","14139677",8,"25/09/2025 12:22:34","trees","trees",59641.26,TRUE,0,1,0,0,0,0,0,0,1,0,NA,0
"265","14139677",9,"25/09/2025 12:22:44","filler","avocado",10279.68,TRUE,0,0,0,0,0,0,0,0,0,0,NA,0
"266","14139677",10,"25/09/2025 12:23:05","filler","pizza",21073.52,TRUE,0,0,0,1,0,0,0,0,1,0,"looks delicious",1
"267","14139677",11,"25/09/2025 12:23:14","filler","watch",9221.71999999997,TRUE,0,0,0,0,0,0,0,0,0,0,NA,0
"268","14139677",12,"25/09/2025 12:23:46","filler","nasa",31751.56,TRUE,0,0,0,0,0,0,0,0,0,1,NA,0
"269","14139677",13,"25/09/2025 12:23:58","filler","train",11481.58,TRUE,0,0,0,0,0,0,0,0,0,0,NA,0
"270","14139677",14,"25/09/2025 12:24:22","filler","natgeo",23867.88,TRUE,0,0,0,1,0,0,0,0,1,0,NA,0
"271","14139677",15,"25/09/2025 12:24:31","filler","puppy",9114.03999999998,TRUE,0,0,0,0,0,0,0,0,0,1,NA,0
"272","14139677",16,"25/09/2025 12:24:46","filler","beckham",15417.3799999999,TRUE,0,0,0,0,0,0,0,0,0,0,NA,0
"273","14139678",1,"25/09/2025 12:16:13","filler","starwars",72841.799999994,TRUE,0,0,0,0,0,0,0,0,0,0,NA,0
"274","14139678",2,"25/09/2025 12:16:25","filler","fish",12195.6,TRUE,0,0,0,0,0,0,0,0,0,0,NA,0
"275","14139678",3,"25/09/2025 12:16:41","filler","yacht",15312.500000006,TRUE,0,0,0,0,0,1,0,0,1,0,NA,0
"276","14139678",4,"25/09/2025 12:16:51","filler","avocado",10108.5,TRUE,0,0,0,0,0,0,0,0,0,0,NA,0
"277","14139678",5,"25/09/2025 12:18:26","filler","beckham",95028.9,TRUE,1,0,0,0,0,2,0,0,2,0,NA,0
"278","14139678",6,"25/09/2025 12:19:42","filler","natgeo",75890.7999999941,TRUE,0,0,0,0,0,0,0,0,0,0,NA,0
"279","14139678",7,"25/09/2025 12:19:49","filler","washpo",7959.70000000001,TRUE,0,0,0,0,0,0,0,0,0,0,NA,0
"280","14139678",8,"25/09/2025 12:20:18","trees","trees",28674.600000006,TRUE,0,0,0,0,0,1,0,0,1,0,NA,0
"281","14139678",9,"25/09/2025 12:20:21","filler","watch",2720.39999999403,TRUE,0,0,0,0,0,0,0,0,0,0,NA,0
"282","14139678",10,"25/09/2025 12:20:54","filler","nasa",33351.1999999821,TRUE,0,0,0,0,0,0,0,1,1,0,NA,0
"283","14139678",11,"25/09/2025 12:21:30","filler","jewellery",35715.3999999821,TRUE,0,0,0,0,0,1,0,0,1,0,NA,0
"284","14139678",12,"25/09/2025 12:21:37","filler","pizza",7003.89999998809,TRUE,0,0,0,0,0,0,0,0,0,0,NA,0
"285","14139678",13,"25/09/2025 12:23:08","filler","swaps",90667.6999999821,TRUE,0,0,0,0,0,0,0,0,0,0,NA,0
"286","14139678",14,"25/09/2025 12:23:28","filler","puppy",20766.0000000059,TRUE,0,0,0,1,0,0,0,0,1,0,NA,0
"287","14139678",15,"25/09/2025 12:23:36","filler","lyrics",7949.10000000591,TRUE,0,0,0,0,0,0,0,0,0,0,NA,0
"288","14139678",16,"25/09/2025 12:23:42","filler","train",6087.29999998212,TRUE,0,0,0,0,0,0,0,0,0,0,NA,0
"289","14139679",1,"25/09/2025 12:14:48","filler","washpo",8611.00000000075,TRUE,0,0,0,0,0,0,0,0,0,0,NA,0
"290","14139679",2,"25/09/2025 12:14:56","filler","natgeo",7866.9,TRUE,0,0,0,0,0,0,0,0,0,0,NA,0
"291","14139679",3,"25/09/2025 12:15:06","filler","pizza",10129.7000000007,TRUE,0,0,0,0,0,1,0,0,1,0,NA,0
"292","14139679",4,"25/09/2025 12:15:10","filler","jewellery",4394.89999999925,TRUE,0,0,0,0,0,0,0,0,0,0,NA,0
"293","14139679",5,"25/09/2025 12:15:16","filler","train",5532.39999999963,TRUE,0,0,0,0,0,0,0,0,0,0,NA,0
"294","14139679",6,"25/09/2025 12:15:21","filler","nasa",5037,TRUE,0,0,0,0,0,0,0,0,0,0,NA,0
"295","14139679",7,"25/09/2025 12:15:25","filler","lyrics",4565.6,TRUE,0,0,0,0,0,0,0,0,0,0,NA,0
"296","14139679",8,"25/09/2025 12:15:43","trees","trees",17806.2999999993,TRUE,0,0,0,0,0,0,0,0,0,1,NA,0
"297","14139679",9,"25/09/2025 12:15:46","filler","fish",2594.89999999963,TRUE,0,0,0,0,0,0,0,0,0,0,NA,0
"298","14139679",10,"25/09/2025 12:15:52","filler","puppy",6869.80000000037,TRUE,0,0,0,0,1,0,0,0,1,0,NA,0
"299","14139679",11,"25/09/2025 12:15:55","filler","swaps",2583.7,TRUE,0,0,0,0,0,0,0,0,0,0,NA,0
"300","14139679",12,"25/09/2025 12:16:07","filler","avocado",11943.6999999993,TRUE,0,0,0,0,0,0,0,0,0,0,NA,0
"301","14139679",13,"25/09/2025 12:16:11","filler","yacht",4316.89999999999,TRUE,0,0,0,0,0,0,0,0,0,0,NA,0
"302","14139679",14,"25/09/2025 12:16:16","filler","beckham",5083.19999999998,TRUE,0,0,0,0,0,0,0,0,0,0,NA,0
"303","14139679",15,"25/09/2025 12:16:19","filler","watch",2965.8,TRUE,0,0,0,0,0,0,0,0,0,0,NA,0
"304","14139679",16,"25/09/2025 12:16:21","filler","starwars",1817.40000000001,TRUE,0,0,0,0,0,0,0,0,0,0,NA,0
"305","14139680",1,"25/09/2025 12:15:18","filler","pizza",7383,TRUE,0,0,0,0,0,0,0,0,0,0,NA,0
"306","14139680",2,"25/09/2025 12:15:21","filler","fish",2551,TRUE,0,0,0,0,0,0,0,0,0,0,NA,0
"307","14139680",3,"25/09/2025 12:15:22","filler","train",1000,TRUE,0,0,0,0,0,0,0,0,0,0,NA,0
"308","14139680",4,"25/09/2025 12:15:27","filler","lyrics",5217,TRUE,0,0,0,0,0,0,0,0,0,0,NA,0
"309","14139680",5,"25/09/2025 12:15:28","filler","jewellery",898,TRUE,0,0,0,0,0,0,0,0,0,0,NA,0
"310","14139680",6,"25/09/2025 12:15:29","filler","yacht",901,TRUE,0,0,0,0,0,0,0,0,0,0,NA,0
"311","14139680",7,"25/09/2025 12:15:29","filler","nasa",532,TRUE,0,0,0,0,0,0,0,0,0,0,NA,0
"312","14139680",8,"25/09/2025 12:15:30","trees","trees",434,TRUE,0,0,0,0,0,0,0,0,0,0,NA,0
"313","14139680",9,"25/09/2025 12:15:31","filler","puppy",1034,TRUE,0,0,0,0,0,0,0,0,0,0,NA,0
"314","14139680",10,"25/09/2025 12:15:32","filler","starwars",817,TRUE,0,0,0,0,0,0,0,0,0,0,NA,0
"315","14139680",11,"25/09/2025 12:15:32","filler","natgeo",534,TRUE,0,0,0,0,0,0,0,0,0,0,NA,0
"316","14139680",12,"25/09/2025 12:15:32","filler","swaps",400,TRUE,0,0,0,0,0,0,0,0,0,0,NA,0
"317","14139680",13,"25/09/2025 12:15:33","filler","washpo",432,TRUE,0,0,0,0,0,0,0,0,0,0,NA,0
"318","14139680",14,"25/09/2025 12:15:33","filler","avocado",399,TRUE,0,0,0,0,0,0,0,0,0,0,NA,0
"319","14139680",15,"25/09/2025 12:15:34","filler","beckham",368,TRUE,0,0,0,0,0,0,0,0,0,0,NA,0
"320","14139680",16,"25/09/2025 12:15:34","filler","watch",350,TRUE,0,0,0,0,0,0,0,0,0,0,NA,0
"321","14139681",1,"25/09/2025 12:15:14","filler","washpo",15586.3,TRUE,0,0,0,0,0,0,0,0,0,0,NA,0
"322","14139681",2,"25/09/2025 12:15:18","filler","train",3591.96,TRUE,0,0,0,0,0,0,0,0,0,0,NA,0
"323","14139681",3,"25/09/2025 12:15:29","filler","watch",10932.64,TRUE,0,0,0,0,0,0,0,0,0,0,NA,0
"324","14139681",4,"25/09/2025 12:15:32","filler","puppy",3087.96,TRUE,0,0,0,0,0,0,0,0,0,0,NA,0
"325","14139681",5,"25/09/2025 12:15:32","filler","pizza",850.019999999997,TRUE,0,0,0,0,0,0,0,0,0,0,NA,0
"326","14139681",6,"25/09/2025 12:15:34","filler","fish",1187.3,TRUE,0,0,0,0,0,0,0,0,0,0,NA,0
"327","14139681",7,"25/09/2025 12:15:42","filler","nasa",8797.98,TRUE,0,0,0,0,0,0,0,0,0,0,NA,0
"328","14139681",8,"25/09/2025 12:15:58","trees","trees",15471.64,TRUE,0,0,0,0,0,0,0,0,0,0,NA,0
"329","14139681",9,"25/09/2025 12:15:59","filler","avocado",1282.98,TRUE,0,0,0,0,0,0,0,0,0,0,NA,0
"330","14139681",10,"25/09/2025 12:16:09","filler","lyrics",9400,TRUE,0,0,0,0,0,0,0,0,0,0,NA,0
"331","14139681",11,"25/09/2025 12:16:40","filler","swaps",31920,TRUE,0,0,0,0,0,0,0,0,0,0,NA,0
"332","14139681",12,"25/09/2025 12:16:49","filler","yacht",8527.34,TRUE,0,0,0,0,0,0,0,0,0,0,NA,0
"333","14139681",13,"25/09/2025 12:16:59","filler","natgeo",9952.67999999999,TRUE,0,0,0,0,0,0,0,0,0,0,NA,0
"334","14139681",14,"25/09/2025 12:17:10","filler","starwars",10605.68,TRUE,0,0,0,0,0,0,0,0,0,0,NA,0
"335","14139681",15,"25/09/2025 12:17:13","filler","jewellery",3047.67999999999,TRUE,0,0,0,0,0,0,0,0,0,0,NA,0
"336","14139681",16,"25/09/2025 12:17:15","filler","beckham",2102.35999999999,TRUE,0,0,0,0,0,0,0,0,0,0,NA,0
"337","14139682",1,"25/09/2025 12:15:03","filler","natgeo",19865.9999999762,TRUE,0,0,0,0,0,0,0,0,0,0,NA,0
"338","14139682",2,"25/09/2025 12:15:39","filler","washpo",36065.8999999523,TRUE,0,0,0,0,0,0,0,0,0,0,NA,0
"339","14139682",3,"25/09/2025 12:16:57","filler","nasa",78225.2999999523,TRUE,0,0,0,0,0,0,0,1,1,0,NA,0
"340","14139682",4,"25/09/2025 12:18:15","filler","starwars",77858.0000000477,TRUE,0,0,0,0,1,0,0,0,1,0,NA,0
"341","14139682",5,"25/09/2025 12:18:45","filler","pizza",30195.8000000477,TRUE,0,0,0,1,0,0,0,0,1,0,NA,0
"342","14139682",6,"25/09/2025 12:19:09","filler","watch",23896.7,TRUE,0,0,0,0,0,1,0,0,1,0,NA,0
"343","14139682",7,"25/09/2025 12:20:39","filler","fish",90190.7,TRUE,0,0,0,0,0,1,0,0,1,0,NA,0
"344","14139682",8,"25/09/2025 12:21:46","trees","trees",67035.0999999523,TRUE,0,0,0,0,0,1,0,0,1,0,NA,0
"345","14139682",9,"25/09/2025 12:22:05","filler","jewellery",18855.5999999762,TRUE,0,0,0,0,0,0,0,0,0,0,NA,0
"346","14139682",10,"25/09/2025 12:22:10","filler","lyrics",4773.70000002382,TRUE,0,0,0,0,0,0,0,0,0,0,NA,0
"347","14139682",11,"25/09/2025 12:22:33","filler","puppy",23421.3999999523,TRUE,0,0,0,0,1,0,0,0,1,1,NA,0
"348","14139682",12,"25/09/2025 12:22:44","filler","avocado",10791.1999999523,TRUE,0,0,0,0,0,0,0,0,0,0,NA,0
"349","14139682",13,"25/09/2025 12:23:45","filler","swaps",61137.2000000238,TRUE,0,0,0,0,0,0,0,1,1,0,NA,0
"350","14139682",14,"25/09/2025 12:23:59","filler","train",13700.8999999523,TRUE,0,0,0,0,0,0,0,0,0,1,NA,0
"351","14139682",15,"25/09/2025 12:24:08","filler","yacht",9137.90000002389,TRUE,0,0,0,0,0,0,0,0,0,0,NA,0
"352","14139682",16,"25/09/2025 12:24:26","filler","beckham",17736.7,TRUE,0,0,0,0,0,0,0,0,0,0,NA,0
"353","14139683",1,"25/09/2025 12:15:42","filler","fish",47595.5000000715,TRUE,0,0,0,0,0,0,0,0,0,0,NA,0
"354","14139683",2,"25/09/2025 12:16:06","filler","nasa",24104.7,TRUE,0,0,0,0,0,0,0,0,0,0,NA,0
"355","14139683",3,"25/09/2025 12:16:12","filler","puppy",5936.60000007153,TRUE,0,0,0,0,0,0,0,0,0,0,NA,0
"356","14139683",4,"25/09/2025 12:16:37","filler","washpo",25499.0000000954,TRUE,0,0,0,0,0,0,0,0,0,0,NA,0
"357","14139683",5,"25/09/2025 12:16:50","filler","avocado",12714.4000000477,TRUE,0,0,0,0,0,0,0,0,0,0,NA,0
"358","14139683",6,"25/09/2025 12:16:58","filler","lyrics",7986.40000004768,TRUE,0,0,0,0,0,0,0,0,0,0,NA,0
"359","14139683",7,"25/09/2025 12:17:02","filler","train",4048.10000002384,TRUE,0,0,0,0,0,0,0,0,0,0,NA,0
"360","14139683",8,"25/09/2025 12:17:23","trees","trees",21093.5000000715,TRUE,0,0,0,0,0,0,0,0,0,0,NA,0
"361","14139683",9,"25/09/2025 12:17:27","filler","watch",3379.60000004768,TRUE,0,0,0,0,0,0,0,0,0,0,NA,0
"362","14139683",10,"25/09/2025 12:17:33","filler","beckham",6700.60000009538,TRUE,0,0,0,0,0,0,0,0,0,0,NA,0
"363","14139683",11,"25/09/2025 12:17:37","filler","pizza",3778.60000000001,TRUE,0,0,0,0,0,0,0,0,0,0,NA,0
"364","14139683",12,"25/09/2025 12:17:43","filler","swaps",5793.9000000477,TRUE,0,0,0,0,0,0,0,0,0,0,NA,0
"365","14139683",13,"25/09/2025 12:17:48","filler","yacht",5055.30000007153,TRUE,0,0,0,0,0,0,0,0,0,0,NA,0
"366","14139683",14,"25/09/2025 12:17:54","filler","natgeo",6437.10000000001,TRUE,0,0,0,0,0,0,0,0,0,0,NA,0
"367","14139683",15,"25/09/2025 12:17:58","filler","jewellery",3522.39999999999,TRUE,0,0,0,0,0,0,0,0,0,0,NA,0
"368","14139683",16,"25/09/2025 12:18:02","filler","starwars",3675.10000009538,TRUE,0,0,0,0,0,0,0,0,0,0,NA,0
"369","14139685",1,"25/09/2025 12:16:46","filler","beckham",5694.50000000298,TRUE,0,0,0,0,0,0,0,0,0,0,NA,0
"370","14139685",2,"25/09/2025 12:17:12","filler","train",25705.600000003,TRUE,0,0,0,0,0,0,0,0,0,0,NA,0
"371","14139685",3,"25/09/2025 12:17:32","filler","nasa",19604.400000006,TRUE,0,0,0,0,0,0,0,0,0,0,NA,0
"372","14139685",4,"25/09/2025 12:17:36","filler","pizza",4128.19999999701,TRUE,0,0,0,0,0,0,0,0,0,0,NA,0
"373","14139685",5,"25/09/2025 12:17:40","filler","fish",4744.29999999702,TRUE,0,0,0,0,0,0,0,0,0,0,NA,0
"374","14139685",6,"25/09/2025 12:17:48","filler","jewellery",7310.80000000595,TRUE,0,0,0,0,0,0,0,0,0,0,NA,0
"375","14139685",7,"25/09/2025 12:17:50","filler","puppy",2830.00000000597,TRUE,0,0,0,0,0,0,0,0,0,0,NA,0
"376","14139685",8,"25/09/2025 12:17:56","trees","trees",5096.50000000893,TRUE,0,0,0,0,0,0,0,0,0,0,NA,0
"377","14139685",9,"25/09/2025 12:17:59","filler","lyrics",3281.60000000894,TRUE,0,0,0,0,0,0,0,0,0,0,NA,0
"378","14139685",10,"25/09/2025 12:18:01","filler","watch",1946.10000000001,TRUE,0,0,0,0,0,0,0,0,0,0,NA,0
"379","14139685",11,"25/09/2025 12:18:03","filler","avocado",2160.90000000894,TRUE,0,0,0,0,0,0,0,0,0,0,NA,0
"380","14139685",12,"25/09/2025 12:18:20","filler","starwars",17075.100000003,TRUE,0,0,0,0,0,0,0,0,0,0,NA,0
"381","14139685",13,"25/09/2025 12:19:03","filler","swaps",42879.699999997,TRUE,0,0,0,0,0,0,0,0,0,0,NA,0
"382","14139685",14,"25/09/2025 12:19:18","filler","washpo",15422.9,TRUE,0,0,0,0,0,0,0,0,0,0,NA,0
"383","14139685",15,"25/09/2025 12:19:26","filler","yacht",8136.20000000001,TRUE,0,0,0,0,0,0,0,0,0,0,NA,0
"384","14139685",16,"25/09/2025 12:19:28","filler","natgeo",1809.70000000001,TRUE,0,0,0,0,0,0,0,0,0,0,NA,0
"385","14139688",1,"25/09/2025 12:15:46","filler","fish",9484.59999999981,TRUE,0,0,0,0,0,0,0,0,0,0,NA,0
"386","14139688",2,"25/09/2025 12:15:57","filler","natgeo",10746.4,TRUE,0,0,0,1,0,0,0,0,1,0,NA,0
"387","14139688",3,"25/09/2025 12:16:05","filler","puppy",8395.40000000056,TRUE,0,0,0,0,0,0,0,0,0,0,NA,0
"388","14139688",4,"25/09/2025 12:16:10","filler","watch",5188.3,TRUE,0,0,0,0,0,0,0,0,0,0,NA,0
"389","14139688",5,"25/09/2025 12:16:20","filler","lyrics",9415.20000000056,TRUE,0,0,0,0,0,1,0,0,1,0,NA,0
"390","14139688",6,"25/09/2025 12:16:36","filler","avocado",16808.9000000006,TRUE,0,0,0,1,0,0,0,0,1,0,NA,0
"391","14139688",7,"25/09/2025 12:16:44","filler","swaps",7797.80000000037,TRUE,0,0,0,0,0,0,0,0,0,0,NA,0
"392","14139688",8,"25/09/2025 12:16:46","trees","trees",2195.70000000019,TRUE,0,0,0,0,0,0,0,0,0,0,NA,0
"393","14139688",9,"25/09/2025 12:16:51","filler","washpo",4354.60000000018,TRUE,0,0,0,0,0,0,0,0,0,0,NA,0
"394","14139688",10,"25/09/2025 12:16:59","filler","train",8079.40000000056,TRUE,0,0,0,0,1,0,0,0,1,0,NA,0
"395","14139688",11,"25/09/2025 12:17:02","filler","nasa",2886.00000000038,TRUE,0,0,0,0,0,0,0,0,0,0,NA,0
"396","14139688",12,"25/09/2025 12:17:04","filler","starwars",2228.90000000018,TRUE,0,0,0,0,0,0,0,0,0,0,NA,0
"397","14139688",13,"25/09/2025 12:17:10","filler","jewellery",5941.09999999982,TRUE,0,0,0,0,0,1,0,0,1,0,NA,0
"398","14139688",14,"25/09/2025 12:17:17","filler","pizza",6821.60000000018,TRUE,0,0,0,0,0,0,0,0,0,0,NA,0
"399","14139688",15,"25/09/2025 12:17:28","filler","beckham",11016.9000000004,TRUE,0,0,0,1,0,0,0,0,1,0,NA,0
"400","14139688",16,"25/09/2025 12:17:29","filler","yacht",1805.29999999981,TRUE,0,0,0,0,0,0,0,0,0,0,NA,0
"401","14139689",1,"25/09/2025 12:23:54","filler","swaps",111618.18,FALSE,0,0,0,0,0,1,0,0,1,0,NA,0
"402","14139689",2,"25/09/2025 12:25:00","filler","washpo",65165.42,TRUE,0,0,0,0,0,0,0,0,0,0,NA,0
"403","14139689",3,"25/09/2025 12:25:35","filler","avocado",35210.18,TRUE,0,0,0,0,0,0,0,0,0,0,NA,0
"404","14139689",4,"25/09/2025 12:25:58","filler","train",23561.28,TRUE,0,0,0,0,0,0,0,0,0,1,NA,0
"405","14139689",5,"25/09/2025 12:26:02","filler","puppy",3417,TRUE,0,0,0,0,0,0,0,0,0,0,NA,0
"406","14139689",6,"25/09/2025 12:26:48","filler","natgeo",46127.42,TRUE,0,0,0,0,0,0,0,0,0,0,NA,0
"407","14139689",7,"25/09/2025 12:28:01","filler","nasa",73326.88,TRUE,0,0,0,0,0,1,0,0,1,0,NA,0
"408","14139689",8,"25/09/2025 12:29:19","trees","trees",77421.42,TRUE,0,0,0,0,0,0,0,0,0,0,NA,0
"409","14139689",9,"25/09/2025 12:31:23","filler","starwars",124093.36,FALSE,0,0,0,0,0,1,0,0,1,0,NA,0
"410","14139689",10,"25/09/2025 12:31:27","filler","pizza",4620.20000000007,TRUE,0,0,0,0,0,0,0,0,0,0,NA,0
"411","14139689",11,"25/09/2025 12:32:03","filler","lyrics",35944.0800000001,TRUE,0,0,0,0,0,0,0,0,0,0,NA,0
"412","14139689",12,"25/09/2025 12:32:21","filler","jewellery",18339.58,TRUE,0,0,0,0,0,0,0,0,0,0,NA,0
"413","14139689",13,"25/09/2025 12:32:45","filler","fish",23727.98,TRUE,0,0,0,0,0,0,0,0,0,0,NA,0
"414","14139689",14,"25/09/2025 12:33:05","filler","beckham",19931.8600000001,TRUE,0,0,0,0,0,0,0,0,0,0,NA,0
"415","14139689",15,"25/09/2025 12:33:21","filler","yacht",15661.6800000001,TRUE,0,0,0,0,0,0,0,0,0,0,NA,0
"416","14139689",16,"25/09/2025 12:33:27","filler","watch",6130.71999999997,TRUE,0,0,0,0,0,0,0,0,0,0,NA,0
"417","14139690",1,"25/09/2025 12:15:04","filler","lyrics",7590.04,TRUE,0,0,0,0,0,0,0,0,0,0,NA,0
"418","14139690",2,"25/09/2025 12:15:11","filler","beckham",7036.78,TRUE,0,0,0,0,0,0,0,0,0,0,NA,0
"419","14139690",3,"25/09/2025 12:15:24","filler","washpo",13585.52,TRUE,0,0,0,0,0,0,0,0,0,0,NA,0
"420","14139690",4,"25/09/2025 12:15:33","filler","puppy",8715.32,TRUE,0,0,0,0,0,0,0,0,0,0,NA,0
"421","14139690",5,"25/09/2025 12:16:01","filler","fish",27864.42,TRUE,0,0,0,0,0,0,0,0,0,0,NA,0
"422","14139690",6,"25/09/2025 12:16:08","filler","yacht",7442.67999999999,TRUE,0,0,0,0,0,0,0,0,0,0,NA,0
"423","14139690",7,"25/09/2025 12:16:42","filler","swaps",33332.98,TRUE,0,0,0,0,0,0,0,0,0,0,NA,0
"424","14139690",8,"25/09/2025 12:16:56","trees","trees",14765.1,TRUE,0,0,0,0,0,1,0,0,1,0,NA,0
"425","14139690",9,"25/09/2025 12:17:11","filler","natgeo",15059.24,TRUE,0,0,0,0,0,1,0,0,1,0,NA,0
"426","14139690",10,"25/09/2025 12:17:16","filler","watch",4841.39999999999,TRUE,0,0,0,0,0,0,0,0,0,0,NA,0
"427","14139690",11,"25/09/2025 12:17:20","filler","jewellery",3960.10000000001,TRUE,0,0,0,0,0,0,0,0,0,0,NA,0
"428","14139690",12,"25/09/2025 12:17:34","filler","nasa",13462.14,TRUE,0,0,0,0,0,0,0,0,0,0,NA,0
"429","14139690",13,"25/09/2025 12:17:49","filler","train",15307.82,TRUE,0,0,0,0,0,0,0,0,0,0,NA,0
"430","14139690",14,"25/09/2025 12:18:23","filler","starwars",33530.96,TRUE,0,0,0,0,0,0,0,0,0,0,NA,0
"431","14139690",15,"25/09/2025 12:18:30","filler","pizza",7032.64000000001,TRUE,0,0,0,0,0,0,0,0,0,0,NA,0
"432","14139690",16,"25/09/2025 12:18:41","filler","avocado",11446.04,TRUE,0,0,0,0,0,0,0,0,0,0,NA,0
"433","14139692",1,"25/09/2025 12:15:31","filler","fish",13449.3,TRUE,0,0,0,0,0,0,0,0,0,0,NA,0
"434","14139692",2,"25/09/2025 12:15:36","filler","natgeo",5470.60000000224,TRUE,0,0,0,0,0,0,0,0,0,0,NA,0
"435","14139692",3,"25/09/2025 12:15:41","filler","pizza",4997.70000000075,TRUE,0,0,0,0,0,0,0,0,0,0,NA,0
"436","14139692",4,"25/09/2025 12:15:44","filler","avocado",3313.70000000223,TRUE,0,0,0,0,0,0,0,0,0,0,NA,0
"437","14139692",5,"25/09/2025 12:15:48","filler","puppy",3542.50000000223,TRUE,0,0,0,0,0,0,0,0,0,0,NA,0
"438","14139692",6,"25/09/2025 12:15:50","filler","watch",2224.80000000149,TRUE,0,0,0,0,0,0,0,0,0,0,NA,0
"439","14139692",7,"25/09/2025 12:15:52","filler","lyrics",1961.80000000224,TRUE,0,0,0,0,0,0,0,0,0,0,NA,0
"440","14139692",8,"25/09/2025 12:15:53","trees","trees",1187.90000000224,TRUE,0,0,0,0,0,0,0,0,0,0,NA,0
"441","14139692",9,"25/09/2025 12:15:59","filler","train",5753.30000000224,TRUE,0,0,0,0,0,0,0,0,0,0,NA,0
"442","14139692",10,"25/09/2025 12:16:01","filler","nasa",1704.90000000224,TRUE,0,0,0,0,0,0,0,0,0,0,NA,0
"443","14139692",11,"25/09/2025 12:16:03","filler","starwars",2184.80000000149,TRUE,0,0,0,0,0,0,0,0,0,0,NA,0
"444","14139692",12,"25/09/2025 12:16:42","filler","swaps",39321.7000000015,TRUE,0,0,0,0,0,0,0,0,0,0,NA,0
"445","14139692",13,"25/09/2025 12:16:50","filler","washpo",8159.10000000001,TRUE,0,0,0,0,0,0,0,0,0,0,NA,0
"446","14139692",14,"25/09/2025 12:16:52","filler","jewellery",2051.40000000149,TRUE,0,0,0,0,0,0,0,0,0,0,NA,0
"447","14139692",15,"25/09/2025 12:16:55","filler","yacht",2448.5,TRUE,0,0,0,0,0,0,0,0,0,0,NA,0
"448","14139692",16,"25/09/2025 12:17:00","filler","beckham",5142.50000000148,TRUE,0,0,0,0,0,0,0,0,0,0,NA,0
"449","14139693",1,"25/09/2025 12:16:57","filler","fish",63011.0000000015,TRUE,0,0,0,0,0,0,0,0,0,0,NA,0
"450","14139693",2,"25/09/2025 12:17:31","filler","washpo",33407.5000000045,TRUE,0,0,0,0,0,0,0,0,0,0,NA,0
"451","14139693",3,"25/09/2025 12:18:45","filler","swaps",74498.7,TRUE,0,0,0,0,0,1,0,0,1,0,NA,0
"452","14139693",4,"25/09/2025 12:18:57","filler","lyrics",11269.500000003,TRUE,0,0,0,0,0,0,0,0,0,0,NA,0
"453","14139693",5,"25/09/2025 12:19:13","filler","train",16232.2,TRUE,0,0,0,0,0,0,0,0,0,0,NA,0
"454","14139693",6,"25/09/2025 12:19:24","filler","jewellery",11643.7000000015,TRUE,0,0,0,1,0,0,0,0,1,0,NA,0
"455","14139693",7,"25/09/2025 12:19:31","filler","watch",6530.80000000447,TRUE,0,0,0,0,0,0,0,0,0,0,NA,0
"456","14139693",8,"25/09/2025 12:20:27","trees","trees",56151.8000000045,TRUE,0,0,0,1,0,0,0,0,1,0,NA,0
"457","14139693",9,"25/09/2025 12:21:30","filler","starwars",63311.2000000059,TRUE,0,0,0,0,0,0,0,0,0,0,NA,0
"458","14139693",10,"25/09/2025 12:21:55","filler","yacht",24723.400000003,TRUE,0,0,0,0,0,1,0,0,1,0,NA,0
"459","14139693",11,"25/09/2025 12:22:02","filler","puppy",6572.90000000002,TRUE,0,0,0,0,0,0,0,0,0,0,NA,0
"460","14139693",12,"25/09/2025 12:22:06","filler","beckham",3990.00000000594,TRUE,0,0,0,0,0,0,0,0,0,0,NA,0
"461","14139693",13,"25/09/2025 12:22:44","filler","natgeo",38425.5,TRUE,0,0,0,0,0,0,0,1,1,0,NA,0
"462","14139693",14,"25/09/2025 12:22:55","filler","avocado",11007.5,TRUE,0,0,0,0,0,0,0,0,0,0,NA,0
"463","14139693",15,"25/09/2025 12:23:00","filler","pizza",5379.70000000595,TRUE,0,0,0,0,0,0,0,0,0,0,NA,0
"464","14139693",16,"25/09/2025 12:23:42","filler","nasa",41284.7,TRUE,0,0,0,1,0,0,0,0,1,0,NA,0
"465","14139694",1,"25/09/2025 12:15:19","filler","avocado",13458.3999999996,TRUE,0,0,0,0,0,1,0,0,1,0,NA,0
"466","14139694",2,"25/09/2025 12:15:36","filler","yacht",16870.1,TRUE,0,0,0,1,0,0,0,0,1,0,NA,0
"467","14139694",3,"25/09/2025 12:15:40","filler","watch",4742.5,TRUE,0,0,0,0,0,0,0,0,0,0,NA,0
"468","14139694",4,"25/09/2025 12:15:48","filler","puppy",7419.69999999963,TRUE,0,0,0,0,1,0,0,0,1,0,NA,0
"469","14139694",5,"25/09/2025 12:15:55","filler","jewellery",7210.70000000075,TRUE,0,0,0,0,0,0,0,0,0,0,NA,0
"470","14139694",6,"25/09/2025 12:16:17","filler","natgeo",22206.0000000004,TRUE,0,0,0,1,0,0,0,0,1,0,"looks amazing",1
"471","14139694",7,"25/09/2025 12:16:34","filler","fish",16881.7999999996,TRUE,0,0,0,0,0,1,0,0,1,0,NA,0
"472","14139694",8,"25/09/2025 12:16:51","trees","trees",16888.8,TRUE,0,0,0,0,0,1,0,0,1,0,NA,0
"473","14139694",9,"25/09/2025 12:16:57","filler","beckham",6048.89999999999,TRUE,0,0,0,0,0,0,0,0,0,0,NA,0
"474","14139694",10,"25/09/2025 12:17:03","filler","lyrics",5756.30000000037,TRUE,0,0,0,0,0,0,0,0,0,0,NA,0
"475","14139694",11,"25/09/2025 12:17:11","filler","pizza",7768.20000000074,TRUE,0,0,0,0,0,0,0,1,1,0,NA,0
"476","14139694",12,"25/09/2025 12:17:32","filler","starwars",21597.5,TRUE,0,0,0,0,0,0,0,1,1,0,NA,0
"477","14139694",13,"25/09/2025 12:17:44","filler","train",12030.5,TRUE,0,0,0,0,1,0,0,0,1,0,NA,0
"478","14139694",14,"25/09/2025 12:17:58","filler","washpo",13581.0000000008,TRUE,0,0,0,0,0,0,0,0,0,0,NA,0
"479","14139694",15,"25/09/2025 12:18:16","filler","swaps",18233.2,TRUE,0,0,0,0,0,0,0,0,0,0,NA,0
"480","14139694",16,"25/09/2025 12:18:32","filler","nasa",15739.2000000004,TRUE,0,0,0,0,0,1,0,0,1,0,NA,0
"481","14139695",1,"25/09/2025 12:19:10","filler","swaps",89456,TRUE,0,0,0,0,0,1,0,0,1,0,NA,0
"482","14139695",2,"25/09/2025 12:19:18","filler","watch",8483,TRUE,0,0,0,0,0,0,0,0,0,0,NA,0
"483","14139695",3,"25/09/2025 12:20:41","filler","fish",82739,TRUE,0,0,0,0,0,0,0,0,0,0,NA,0
"484","14139695",4,"25/09/2025 12:20:56","filler","jewellery",15150,TRUE,0,0,0,0,0,1,0,0,1,1,NA,0
"485","14139695",5,"25/09/2025 12:21:48","filler","avocado",51630.0000000001,TRUE,0,0,0,1,0,0,0,0,1,0,NA,0
"486","14139695",6,"25/09/2025 12:22:13","filler","yacht",25734,TRUE,0,0,0,0,0,1,0,0,1,0,NA,0
"487","14139695",7,"25/09/2025 12:22:29","filler","washpo",15566.0000000001,TRUE,0,0,0,1,0,0,0,0,1,0,NA,0
"488","14139695",8,"25/09/2025 12:23:19","trees","trees",50636,TRUE,0,0,0,1,0,0,0,0,1,0,NA,0
"489","14139695",9,"25/09/2025 12:23:32","filler","puppy",12100,TRUE,0,0,0,0,0,0,0,0,0,0,NA,0
"490","14139695",10,"25/09/2025 12:23:57","filler","pizza",25019,TRUE,0,0,0,0,0,1,0,0,1,0,NA,0
"491","14139695",11,"25/09/2025 12:24:44","filler","nasa",47253,TRUE,0,0,0,0,0,0,0,0,0,0,NA,0
"492","14139695",12,"25/09/2025 12:24:51","filler","beckham",7283,TRUE,0,0,0,0,0,0,0,0,0,0,NA,0
"493","14139695",13,"25/09/2025 12:24:54","filler","train",3116,TRUE,0,0,0,0,0,0,0,0,0,0,NA,0
"494","14139695",14,"25/09/2025 12:26:05","filler","starwars",70822,TRUE,0,0,0,0,0,0,0,0,0,0,NA,0
"495","14139695",15,"25/09/2025 12:26:19","filler","natgeo",13668,TRUE,0,0,0,0,0,1,0,0,1,0,NA,0
"496","14139695",16,"25/09/2025 12:26:27","filler","lyrics",8666,TRUE,0,0,0,0,0,0,0,0,0,0,NA,0
"497","14139698",1,"25/09/2025 12:17:50","filler","watch",100501.4,TRUE,0,0,0,0,0,0,0,0,0,0,"This looks like a pressure sales technique to me encouraging a hasty decision and putting pressure on the buyer!",1
"498","14139698",2,"25/09/2025 12:18:10","filler","jewellery",20580.0999999992,TRUE,0,0,0,0,0,0,0,0,0,0,NA,0
"499","14139698",3,"25/09/2025 12:18:49","filler","beckham",38474.6999999993,TRUE,0,0,0,1,1,0,0,0,2,0,NA,0
"500","14139698",4,"25/09/2025 12:19:12","filler","avocado",23665.5,TRUE,0,0,0,0,0,0,0,0,0,0,NA,0
"501","14139698",5,"25/09/2025 12:19:45","filler","fish",32769,TRUE,0,0,0,0,0,0,0,1,1,0,NA,0
"502","14139698",6,"25/09/2025 12:20:02","filler","pizza",17113.1999999978,TRUE,0,0,0,0,1,0,0,0,1,0,NA,0
"503","14139698",7,"25/09/2025 12:20:31","filler","swaps",28448.0000000008,TRUE,0,0,0,0,0,0,0,0,0,0,NA,0
"504","14139698",8,"25/09/2025 12:20:52","trees","trees",21098.8,TRUE,0,0,0,0,0,0,0,0,0,0,NA,0
"505","14139698",9,"25/09/2025 12:21:23","filler","nasa",31430.5,TRUE,0,0,0,0,0,0,0,1,1,0,NA,0
"506","14139698",10,"25/09/2025 12:21:39","filler","natgeo",15655.9999999992,TRUE,0,0,0,0,0,0,0,0,0,0,NA,0
"507","14139698",11,"25/09/2025 12:21:47","filler","lyrics",8181.99999999994,TRUE,0,0,0,0,0,0,0,0,0,0,NA,0
"508","14139698",12,"25/09/2025 12:22:08","filler","train",21427.5000000008,TRUE,0,0,0,0,0,0,0,1,1,0,NA,0
"509","14139698",13,"25/09/2025 12:22:18","filler","yacht",9127.19999999774,TRUE,0,0,0,0,0,0,0,0,0,0,NA,0
"510","14139698",14,"25/09/2025 12:22:25","filler","puppy",7286.19999999774,TRUE,0,0,0,0,1,0,0,0,1,0,NA,0
"511","14139698",15,"25/09/2025 12:22:33","filler","starwars",7959.79999999853,TRUE,0,0,0,0,0,0,0,0,0,0,NA,0
"512","14139698",16,"25/09/2025 12:22:42","filler","washpo",9246.09999999852,TRUE,0,0,0,0,0,0,0,0,0,0,NA,0
"513","14139700",1,"25/09/2025 12:17:06","filler","pizza",35544.36,TRUE,0,0,0,1,0,0,0,0,1,0,NA,0
"514","14139700",2,"25/09/2025 12:18:03","filler","nasa",56939.12,TRUE,0,0,0,0,0,0,0,1,1,1,NA,0
"515","14139700",3,"25/09/2025 12:18:25","filler","yacht",21972.98,TRUE,0,0,0,0,0,0,0,0,0,0,NA,0
"516","14139700",4,"25/09/2025 12:18:34","filler","watch",8942.39999999999,TRUE,0,0,0,0,0,0,0,0,0,0,NA,0
"517","14139700",5,"25/09/2025 12:19:01","filler","lyrics",27073.08,TRUE,0,0,0,1,0,0,0,0,1,0,NA,0
"518","14139700",6,"25/09/2025 12:19:31","filler","avocado",29798.5,TRUE,0,0,0,0,0,0,0,0,0,0,"clever",1
"519","14139700",7,"25/09/2025 12:20:54","filler","swaps",83231.24,TRUE,0,0,0,0,0,0,0,0,0,0,NA,0
"520","14139700",8,"25/09/2025 12:22:14","trees","trees",80022.86,TRUE,0,0,0,0,0,0,0,0,0,0,NA,0
"521","14139700",9,"25/09/2025 12:22:27","filler","beckham",12749.9600000001,TRUE,0,0,0,0,0,0,0,0,0,0,NA,0
"522","14139700",10,"25/09/2025 12:23:08","filler","starwars",40489.16,TRUE,0,0,0,0,0,0,0,1,1,0,NA,0
"523","14139700",11,"25/09/2025 12:23:38","filler","natgeo",30773.96,TRUE,0,0,0,0,0,0,0,0,0,0,NA,0
"524","14139700",12,"25/09/2025 12:23:48","filler","puppy",9431.38,TRUE,0,0,0,0,1,0,0,0,1,0,NA,0
"525","14139700",13,"25/09/2025 12:23:58","filler","jewellery",9838.76000000001,TRUE,0,0,0,0,0,0,0,0,0,0,NA,0
"526","14139700",14,"25/09/2025 12:24:25","filler","train",27621.44,TRUE,0,0,0,0,0,0,0,0,0,0,NA,0
"527","14139700",15,"25/09/2025 12:24:59","filler","washpo",33956.88,TRUE,0,0,0,0,0,0,0,0,0,0,NA,0
"528","14139700",16,"25/09/2025 12:25:31","filler","fish",31526.98,TRUE,0,0,0,0,0,0,0,1,1,0,NA,0
"529","14139701",1,"25/09/2025 12:15:49","filler","natgeo",11098.7000000001,TRUE,0,0,0,0,0,0,0,0,0,0,NA,0
"530","14139701",2,"25/09/2025 12:15:54","filler","starwars",5794.9,TRUE,0,0,0,0,0,0,0,0,0,0,NA,0
"531","14139701",3,"25/09/2025 12:16:03","filler","avocado",8534.00000000019,TRUE,0,0,0,0,0,0,0,0,0,0,NA,0
"532","14139701",4,"25/09/2025 12:16:21","filler","jewellery",18295.5000000003,TRUE,0,0,0,0,0,0,0,0,0,0,NA,0
"533","14139701",5,"25/09/2025 12:16:25","filler","beckham",3889,TRUE,0,0,0,0,0,0,0,0,0,0,NA,0
"534","14139701",6,"25/09/2025 12:16:27","filler","watch",2186.00000000028,TRUE,0,0,0,0,0,0,0,0,0,0,NA,0
"535","14139701",7,"25/09/2025 12:16:32","filler","lyrics",4743.90000000018,TRUE,0,0,0,0,0,0,0,0,0,0,NA,0
"536","14139701",8,"25/09/2025 12:16:37","trees","trees",5501.50000000028,TRUE,0,0,0,0,0,0,0,0,0,0,NA,0
"537","14139701",9,"25/09/2025 12:16:42","filler","pizza",5019.80000000009,TRUE,0,0,0,0,0,0,0,0,0,0,NA,0
"538","14139701",10,"25/09/2025 12:16:55","filler","nasa",12246.5000000003,TRUE,0,0,0,0,0,0,0,0,0,0,NA,0
"539","14139701",11,"25/09/2025 12:16:58","filler","yacht",3776.10000000009,TRUE,0,0,0,0,0,0,0,0,0,0,NA,0
"540","14139701",12,"25/09/2025 12:17:02","filler","fish",3909.00000000028,TRUE,0,0,0,0,0,0,0,0,0,0,NA,0
"541","14139701",13,"25/09/2025 12:17:06","filler","puppy",3493.70000000038,TRUE,0,0,0,0,0,0,0,0,0,0,NA,0
"542","14139701",14,"25/09/2025 12:17:39","filler","swaps",33093.9000000002,TRUE,0,0,0,0,0,0,0,0,0,0,NA,0
"543","14139701",15,"25/09/2025 12:17:43","filler","train",3736.10000000001,TRUE,0,0,0,0,0,0,0,0,0,0,NA,0
"544","14139701",16,"25/09/2025 12:17:50","filler","washpo",7478.70000000019,TRUE,0,0,0,0,0,0,0,0,0,0,NA,0
"545","14139702",1,"25/09/2025 12:13:08","filler","beckham",36145.5999999762,TRUE,0,0,0,0,0,1,0,0,1,0,NA,0
"546","14139702",2,"25/09/2025 12:13:38","filler","jewellery",29561.9000000119,TRUE,0,0,0,0,0,1,0,0,1,0,"Great location!",1
"547","14139702",3,"25/09/2025 12:15:15","filler","starwars",97260.3999999881,TRUE,0,0,0,0,0,0,0,0,0,0,"A great actor and obviously a shrewd negotiator!",1
"548","14139702",4,"25/09/2025 12:15:42","filler","nasa",26861.1999999881,TRUE,0,0,0,0,0,0,0,0,0,0,NA,0
"549","14139702",5,"25/09/2025 12:15:58","filler","washpo",16317,TRUE,0,0,0,0,0,0,0,1,1,0,NA,0
"550","14139702",6,"25/09/2025 12:16:17","filler","avocado",19279.8000000119,TRUE,0,0,0,1,0,0,0,0,1,0,NA,0
"551","14139702",7,"25/09/2025 12:16:23","filler","lyrics",5810.60000001191,TRUE,0,0,0,0,0,0,0,0,0,0,NA,0
"552","14139702",8,"25/09/2025 12:16:48","trees","trees",24951.1,TRUE,0,0,0,0,0,1,0,0,1,0,NA,0
"553","14139702",9,"25/09/2025 12:17:13","filler","pizza",24853.6000000119,TRUE,0,0,0,1,0,0,0,0,1,0,NA,0
"554","14139702",10,"25/09/2025 12:18:12","filler","fish",58903.0999999642,TRUE,0,0,0,0,0,0,0,0,0,0,NA,0
"555","14139702",11,"25/09/2025 12:19:11","filler","swaps",59279.3999999762,TRUE,0,0,0,1,0,0,0,0,1,1,NA,0
"556","14139702",12,"25/09/2025 12:19:46","filler","natgeo",35424.0000000119,TRUE,0,0,0,0,0,0,0,0,0,0,"Looks like AI!",1
"557","14139702",13,"25/09/2025 12:19:59","filler","watch",12307.0999999762,TRUE,0,0,0,0,0,0,0,0,0,0,NA,0
"558","14139702",14,"25/09/2025 12:20:18","filler","yacht",19065.5999999881,TRUE,0,0,0,0,0,1,0,0,1,1,NA,0
"559","14139702",15,"25/09/2025 12:20:26","filler","puppy",7753.49999996426,TRUE,0,0,0,1,0,0,0,0,1,0,NA,0
"560","14139702",16,"25/09/2025 12:20:43","filler","train",17087.1999999642,TRUE,0,0,0,0,0,0,0,0,0,0,"200kmh!",1
"561","14139703",1,"25/09/2025 12:16:09","filler","puppy",36308.2,TRUE,0,0,0,1,0,0,0,0,1,1,NA,0
"562","14139703",2,"25/09/2025 12:16:33","filler","beckham",23965.7,TRUE,0,0,0,0,0,0,0,0,0,0,NA,0
"563","14139703",3,"25/09/2025 12:17:11","filler","starwars",38071.2000000007,TRUE,0,0,0,0,0,0,0,1,1,1,NA,0
"564","14139703",4,"25/09/2025 12:17:48","filler","avocado",36105.9999999985,TRUE,0,0,0,0,0,1,0,0,1,0,NA,0
"565","14139703",5,"25/09/2025 12:18:04","filler","nasa",16086.3999999993,TRUE,0,0,0,0,0,1,0,0,1,0,NA,0
"566","14139703",6,"25/09/2025 12:18:11","filler","fish",7694.40000000002,TRUE,0,0,0,0,0,0,0,0,0,0,NA,0
"567","14139703",7,"25/09/2025 12:18:40","filler","yacht",28247,TRUE,0,0,0,0,0,0,0,0,0,1,NA,0
"568","14139703",8,"25/09/2025 12:19:10","trees","trees",30759.4000000008,TRUE,0,0,0,1,0,0,0,0,1,0,NA,0
"569","14139703",9,"25/09/2025 12:19:33","filler","natgeo",22851.1,TRUE,0,0,0,1,0,0,0,0,1,1,NA,0
"570","14139703",10,"25/09/2025 12:19:51","filler","washpo",18101.8999999978,TRUE,0,0,0,0,0,1,0,0,1,0,NA,0
"571","14139703",11,"25/09/2025 12:20:23","filler","swaps",31520.1,TRUE,0,0,0,1,0,0,0,0,1,1,NA,0
"572","14139703",12,"25/09/2025 12:20:43","filler","lyrics",20033.3999999993,TRUE,0,0,0,1,0,0,0,0,1,0,NA,0
"573","14139703",13,"25/09/2025 12:20:45","filler","watch",2344.69999999925,TRUE,0,0,0,0,0,0,0,0,0,0,NA,0
"574","14139703",14,"25/09/2025 12:20:51","filler","jewellery",5929.09999999998,TRUE,0,0,0,0,0,0,0,0,0,0,NA,0
"575","14139703",15,"25/09/2025 12:21:02","filler","pizza",10525.6,TRUE,0,0,0,0,0,0,0,0,0,0,NA,0
"576","14139703",16,"25/09/2025 12:21:20","filler","train",18735.8000000007,TRUE,0,0,0,0,1,0,0,0,1,1,NA,0
"577","14139704",1,"25/09/2025 12:15:40","filler","washpo",23720.6000000004,TRUE,0,0,0,0,0,0,0,0,0,0,NA,0
"578","14139704",2,"25/09/2025 12:16:02","filler","avocado",21616.7000000004,TRUE,0,0,0,0,0,0,0,0,0,0,NA,0
"579","14139704",3,"25/09/2025 12:16:12","filler","fish",10342.5000000002,TRUE,0,0,0,0,0,0,0,0,0,0,NA,0
"580","14139704",4,"25/09/2025 12:16:24","filler","jewellery",11434.3000000002,TRUE,0,0,0,0,0,0,0,0,0,0,NA,0
"581","14139704",5,"25/09/2025 12:16:38","filler","watch",14422.2999999996,TRUE,0,0,0,0,0,0,0,0,0,0,NA,0
"582","14139704",6,"25/09/2025 12:17:00","filler","natgeo",21586.1999999996,TRUE,0,0,0,0,0,0,0,0,0,0,NA,0
"583","14139704",7,"25/09/2025 12:17:13","filler","puppy",12756.6999999996,TRUE,0,0,0,1,0,0,0,0,1,0,NA,0
"584","14139704",8,"25/09/2025 12:17:25","trees","trees",12509.1999999996,TRUE,0,0,0,0,0,0,0,0,0,0,NA,0
"585","14139704",9,"25/09/2025 12:17:34","filler","lyrics",8514.10000000018,TRUE,0,0,0,0,0,0,0,0,0,0,NA,0
"586","14139704",10,"25/09/2025 12:17:40","filler","nasa",6816.49999999962,TRUE,0,0,0,0,0,0,0,0,0,0,NA,0
"587","14139704",11,"25/09/2025 12:17:45","filler","starwars",4271.60000000018,TRUE,0,0,0,0,0,0,0,0,0,0,NA,0
"588","14139704",12,"25/09/2025 12:17:51","filler","yacht",6376.69999999981,TRUE,0,0,0,0,0,0,0,0,0,0,NA,0
"589","14139704",13,"25/09/2025 12:18:06","filler","beckham",15481.3000000004,TRUE,0,0,0,0,0,1,0,0,1,0,NA,0
"590","14139704",14,"25/09/2025 12:18:17","filler","train",11028.3000000004,TRUE,0,0,0,0,1,0,0,0,1,0,NA,0
"591","14139704",15,"25/09/2025 12:18:30","filler","pizza",12805.1999999996,TRUE,0,0,0,0,0,0,0,0,0,0,NA,0
"592","14139704",16,"25/09/2025 12:18:40","filler","swaps",9443.19999999981,TRUE,0,0,0,0,0,0,0,0,0,0,NA,0
"593","14139706",1,"25/09/2025 12:15:20","filler","lyrics",6469.19999999702,TRUE,0,0,0,0,0,0,0,0,0,0,NA,0
"594","14139706",2,"25/09/2025 12:15:29","filler","fish",8605.9,TRUE,0,0,0,0,0,1,0,0,1,0,NA,0
"595","14139706",3,"25/09/2025 12:15:33","filler","yacht",4409.9,TRUE,0,0,0,0,0,0,0,0,0,0,NA,0
"596","14139706",4,"25/09/2025 12:15:43","filler","natgeo",9589.4,TRUE,0,0,0,0,0,0,0,0,0,0,NA,0
"597","14139706",5,"25/09/2025 12:15:59","filler","jewellery",16354.6,TRUE,0,0,0,0,0,0,0,0,0,1,NA,0
"598","14139706",6,"25/09/2025 12:16:04","filler","train",5187.1,TRUE,0,0,0,0,0,0,0,0,0,0,NA,0
"599","14139706",7,"25/09/2025 12:16:11","filler","washpo",6586.80000000596,TRUE,0,0,0,0,0,0,0,0,0,0,NA,0
"600","14139706",8,"25/09/2025 12:16:26","trees","trees",15020.5,TRUE,0,0,0,0,0,0,0,0,0,1,NA,0
"601","14139706",9,"25/09/2025 12:16:30","filler","beckham",4068.79999999702,TRUE,0,0,0,0,0,0,0,0,0,0,NA,0
"602","14139706",10,"25/09/2025 12:16:32","filler","watch",1747.00000000597,TRUE,0,0,0,0,0,0,0,0,0,0,NA,0
"603","14139706",11,"25/09/2025 12:16:34","filler","starwars",1954.89999999999,TRUE,0,0,0,0,0,0,0,0,0,0,NA,0
"604","14139706",12,"25/09/2025 12:16:48","filler","avocado",14220.5,TRUE,0,0,0,0,0,0,0,0,0,0,NA,0
"605","14139706",13,"25/09/2025 12:16:54","filler","nasa",6577.69999999405,TRUE,0,0,0,0,0,0,0,0,0,0,NA,0
"606","14139706",14,"25/09/2025 12:16:58","filler","pizza",3930.80000000002,TRUE,0,0,0,0,0,0,0,0,0,0,NA,0
"607","14139706",15,"25/09/2025 12:17:13","filler","swaps",14210.199999997,TRUE,0,0,0,0,0,0,0,0,0,0,NA,0
"608","14139706",16,"25/09/2025 12:17:16","filler","puppy",3169.5,TRUE,0,0,0,0,0,0,0,0,0,0,NA,0
"609","14139707",1,"25/09/2025 12:16:06","filler","avocado",14916.5,TRUE,0,0,0,0,0,0,0,0,0,0,NA,0
"610","14139707",2,"25/09/2025 12:16:24","filler","watch",18271.9,TRUE,0,0,0,0,0,0,0,0,0,0,NA,0
"611","14139707",3,"25/09/2025 12:16:29","filler","lyrics",5257.50000003576,TRUE,0,0,0,0,0,0,0,0,0,0,NA,0
"612","14139707",4,"25/09/2025 12:16:45","filler","train",15357.7000000477,TRUE,0,0,0,0,0,0,0,0,0,0,NA,0
"613","14139707",5,"25/09/2025 12:17:04","filler","washpo",19276.6,TRUE,0,0,0,0,0,0,0,0,0,0,NA,0
"614","14139707",6,"25/09/2025 12:17:19","filler","natgeo",14841.6,TRUE,0,0,0,0,0,0,0,0,0,0,NA,0
"615","14139707",7,"25/09/2025 12:17:39","filler","yacht",20611.6,TRUE,0,0,0,0,0,0,0,0,0,0,NA,0
"616","14139707",8,"25/09/2025 12:18:16","trees","trees",36225.4000000119,TRUE,0,0,0,0,0,0,0,0,0,1,NA,0
"617","14139707",9,"25/09/2025 12:18:56","filler","fish",40617.7000000119,TRUE,0,0,0,0,0,0,0,0,0,0,NA,0
"618","14139707",10,"25/09/2025 12:19:08","filler","puppy",11630.4,TRUE,0,0,0,0,1,0,0,0,1,0,NA,0
"619","14139707",11,"25/09/2025 12:19:16","filler","pizza",8564.50000002384,TRUE,0,0,0,0,0,0,0,0,0,0,NA,0
"620","14139707",12,"25/09/2025 12:20:16","filler","swaps",59494.3,TRUE,0,0,0,0,0,1,0,0,1,0,NA,0
"621","14139707",13,"25/09/2025 12:20:20","filler","jewellery",4564.40000003576,TRUE,0,0,0,0,0,0,0,0,0,0,NA,0
"622","14139707",14,"25/09/2025 12:20:30","filler","beckham",9466.50000003574,TRUE,0,0,0,0,0,0,0,0,0,0,NA,0
"623","14139707",15,"25/09/2025 12:21:21","filler","starwars",51570.3,TRUE,0,0,0,0,0,0,0,0,0,0,NA,0
"624","14139707",16,"25/09/2025 12:21:51","filler","nasa",29372.5000000239,TRUE,0,0,0,0,0,0,0,0,0,0,NA,0
"625","14139708",1,"25/09/2025 12:16:37","filler","pizza",20675.5,TRUE,0,0,0,0,0,1,0,0,1,0,NA,0
"626","14139708",2,"25/09/2025 12:17:04","filler","jewellery",27138.9,TRUE,0,0,0,0,0,1,0,0,1,0,NA,0
"627","14139708",3,"25/09/2025 12:17:20","filler","train",16394.6000000954,TRUE,0,0,0,0,0,0,0,0,0,0,NA,0
"628","14139708",4,"25/09/2025 12:17:43","filler","washpo",22614.5000000954,TRUE,0,0,0,0,0,0,0,0,0,0,NA,0
"629","14139708",5,"25/09/2025 12:18:00","filler","avocado",16613.5000000954,TRUE,0,0,0,0,0,1,0,0,1,0,NA,0
"630","14139708",6,"25/09/2025 12:19:15","filler","swaps",75394.8,TRUE,0,0,0,0,0,1,0,0,1,0,NA,0
"631","14139708",7,"25/09/2025 12:20:32","filler","starwars",77061.4,TRUE,0,0,0,0,0,0,0,1,1,0,NA,0
"632","14139708",8,"25/09/2025 12:21:08","trees","trees",36515.1,TRUE,0,0,0,0,0,1,0,0,1,0,NA,0
"633","14139708",9,"25/09/2025 12:21:37","filler","nasa",28765.2,TRUE,0,0,0,0,0,0,0,0,0,0,NA,0
"634","14139708",10,"25/09/2025 12:22:01","filler","fish",23637.2000000477,TRUE,0,0,0,0,0,0,0,0,0,0,NA,0
"635","14139708",11,"25/09/2025 12:22:21","filler","lyrics",20627.5000000477,TRUE,0,0,0,0,0,0,0,0,0,0,NA,0
"636","14139708",12,"25/09/2025 12:22:36","filler","yacht",14449.2999999999,TRUE,0,0,0,0,0,0,0,0,0,0,NA,0
"637","14139708",13,"25/09/2025 12:22:45","filler","watch",8880.10000004771,TRUE,0,0,0,0,0,0,0,0,0,0,NA,0
"638","14139708",14,"25/09/2025 12:22:57","filler","puppy",12743.0000000953,TRUE,0,0,0,1,0,0,0,0,1,0,NA,0
"639","14139708",15,"25/09/2025 12:23:27","filler","natgeo",29131.2000000954,TRUE,0,0,0,1,0,0,0,0,1,0,NA,0
"640","14139708",16,"25/09/2025 12:23:35","filler","beckham",8806.40000000002,TRUE,0,0,0,0,0,0,0,0,0,0,NA,0
"641","14139709",1,"25/09/2025 12:18:11","filler","nasa",89373,TRUE,0,0,0,0,0,0,0,0,0,0,NA,0
"642","14139709",2,"25/09/2025 12:18:40","filler","jewellery",29327,TRUE,0,0,0,0,0,0,0,0,0,0,NA,0
"643","14139709",3,"25/09/2025 12:19:04","filler","avocado",24219,TRUE,0,0,0,0,0,0,0,0,0,0,NA,0
"644","14139709",4,"25/09/2025 12:19:36","filler","watch",31469,TRUE,0,0,0,0,0,0,0,0,0,0,NA,0
"645","14139709",5,"25/09/2025 12:19:53","filler","pizza",17318,TRUE,0,0,0,0,0,0,0,0,0,0,NA,0
"646","14139709",6,"25/09/2025 12:20:58","filler","yacht",17571,TRUE,0,0,0,0,0,2,0,0,2,1,NA,0
"647","14139709",7,"25/09/2025 12:22:07","filler","natgeo",68471,TRUE,0,0,0,1,0,0,0,0,1,0,NA,0
"648","14139709",8,"25/09/2025 12:23:23","trees","trees",76271,TRUE,0,0,0,0,0,0,0,0,0,1,NA,0
"649","14139709",9,"25/09/2025 12:23:41","filler","puppy",18333,TRUE,0,0,0,1,0,0,0,0,1,0,NA,0
"650","14139709",10,"25/09/2025 12:25:34","filler","swaps",112902,FALSE,0,0,0,0,0,1,0,0,1,0,NA,0
"651","14139709",11,"25/09/2025 12:26:26","filler","fish",51428.0000000001,TRUE,0,1,0,0,0,0,0,0,1,0,NA,0
"652","14139709",12,"25/09/2025 12:26:41","filler","beckham",14819,TRUE,0,0,0,0,0,1,0,0,1,0,NA,0
"653","14139709",13,"25/09/2025 12:26:55","filler","washpo",14435,TRUE,0,0,0,0,0,0,0,0,0,0,NA,0
"654","14139709",14,"25/09/2025 12:27:26","filler","train",30817,TRUE,0,0,0,0,1,0,0,0,1,1,NA,0
"655","14139709",15,"25/09/2025 12:28:00","filler","lyrics",34686,TRUE,0,0,0,0,0,1,0,0,1,0,"So very true.",1
"656","14139709",16,"25/09/2025 12:28:44","filler","starwars",43387,TRUE,0,0,0,0,0,0,0,0,0,1,NA,0
"657","14139710",1,"25/09/2025 12:16:08","filler","puppy",10854.5000000015,TRUE,0,0,0,0,0,0,0,0,0,0,NA,0
"658","14139710",2,"25/09/2025 12:16:15","filler","nasa",6856.7,TRUE,0,0,0,0,0,0,0,0,0,0,NA,0
"659","14139710",3,"25/09/2025 12:16:30","filler","natgeo",15478.699999997,TRUE,0,0,0,1,0,0,0,0,1,0,NA,0
"660","14139710",4,"25/09/2025 12:16:38","filler","washpo",8029.1,TRUE,0,0,0,0,0,0,0,0,0,0,NA,0
"661","14139710",5,"25/09/2025 12:16:44","filler","train",5276.59999999851,TRUE,0,0,0,0,0,0,0,0,0,0,NA,0
"662","14139710",6,"25/09/2025 12:16:52","filler","jewellery",8073,TRUE,0,0,0,1,0,0,0,0,1,0,NA,0
"663","14139710",7,"25/09/2025 12:16:54","filler","avocado",2421.89999999553,TRUE,0,0,0,0,0,0,0,0,0,0,NA,0
"664","14139710",8,"25/09/2025 12:16:59","trees","trees",4628.79999999553,TRUE,0,0,0,0,0,0,0,0,0,0,NA,0
"665","14139710",9,"25/09/2025 12:17:02","filler","starwars",2780.2000000015,TRUE,0,0,0,0,0,0,0,0,0,0,NA,0
"666","14139710",10,"25/09/2025 12:17:09","filler","beckham",7063.40000000149,TRUE,0,0,0,1,0,0,0,0,1,0,NA,0
"667","14139710",11,"25/09/2025 12:17:19","filler","watch",10529.1000000015,TRUE,0,0,0,0,0,0,0,0,0,0,NA,0
"668","14139710",12,"25/09/2025 12:17:23","filler","fish",3746.7999999985,TRUE,0,0,0,0,0,0,0,0,0,0,NA,0
"669","14139710",13,"25/09/2025 12:17:29","filler","pizza",6520.8,TRUE,0,0,0,0,0,1,0,0,1,0,NA,0
"670","14139710",14,"25/09/2025 12:17:31","filler","swaps",1523.29999999702,TRUE,0,0,0,0,0,0,0,0,0,0,NA,0
"671","14139710",15,"25/09/2025 12:17:43","filler","lyrics",11605.0999999955,TRUE,0,0,0,1,0,0,0,0,1,1,NA,0
"672","14139710",16,"25/09/2025 12:17:45","filler","yacht",2542.90000000149,TRUE,0,0,0,0,0,0,0,0,0,0,NA,0
"673","14139712",1,"25/09/2025 12:18:29","filler","train",47918.2999999523,TRUE,0,0,0,0,1,0,0,0,1,0,NA,0
"674","14139712",2,"25/09/2025 12:19:49","filler","fish",79929.7999999046,TRUE,0,0,0,0,0,0,0,1,1,0,NA,0
"675","14139712",3,"25/09/2025 12:20:22","filler","lyrics",33016.9999999523,TRUE,0,0,0,1,0,0,0,0,1,0,NA,0
"676","14139712",4,"25/09/2025 12:20:50","filler","avocado",28563.9999999046,TRUE,0,0,0,0,0,0,0,1,1,0,NA,0
"677","14139712",5,"25/09/2025 12:21:06","filler","puppy",16148.1,TRUE,0,0,0,1,0,0,0,0,1,0,NA,0
"678","14139712",6,"25/09/2025 12:22:21","filler","washpo",74943.5999999523,TRUE,0,0,0,0,0,1,0,0,1,0,"Lovely couple",1
"679","14139712",7,"25/09/2025 12:22:48","filler","watch",26258.099999857,TRUE,0,0,0,0,0,0,0,0,0,0,NA,0
"680","14139712",8,"25/09/2025 12:23:55","trees","trees",67715.6999999523,TRUE,0,0,0,0,0,1,0,0,1,0,NA,0
"681","14139712",9,"25/09/2025 12:25:23","filler","starwars",88023.4999999047,TRUE,0,0,0,0,0,0,0,1,1,0,NA,0
"682","14139712",10,"25/09/2025 12:26:07","filler","pizza",43461.9999999047,TRUE,0,0,1,0,0,0,0,0,1,0,"looks disgusting",1
"683","14139712",11,"25/09/2025 12:26:33","filler","beckham",26036.0999998569,TRUE,0,0,0,0,0,0,0,0,0,0,NA,0
"684","14139712",12,"25/09/2025 12:27:46","filler","nasa",73358.7999998092,TRUE,0,0,0,0,0,0,0,1,1,0,NA,0
"685","14139712",13,"25/09/2025 12:28:09","filler","yacht",22844.6999998093,TRUE,0,0,0,0,0,0,0,0,0,0,NA,0
"686","14139712",14,"25/09/2025 12:28:20","filler","jewellery",10986.8,TRUE,0,0,0,0,0,0,0,0,0,0,NA,0
"687","14139712",15,"25/09/2025 12:28:53","filler","natgeo",33560.5999999046,TRUE,0,0,0,0,0,0,0,1,1,0,NA,0
"688","14139712",16,"25/09/2025 12:30:51","filler","swaps",117518.2,FALSE,0,0,0,0,0,0,0,0,0,0,"is this for real?",1
"689","14139714",1,"25/09/2025 12:17:00","filler","beckham",15783.1000000715,TRUE,0,0,0,1,0,0,0,0,1,0,NA,0
"690","14139714",2,"25/09/2025 12:17:36","filler","starwars",35878.2,TRUE,0,0,0,0,0,0,0,0,0,0,NA,0
"691","14139714",3,"25/09/2025 12:18:16","filler","pizza",40501.7,TRUE,0,0,0,0,0,0,0,0,0,0,"what's Detroit-style pizza? Looks delicious",1
"692","14139714",4,"25/09/2025 12:18:29","filler","natgeo",13418.7000000954,TRUE,0,0,0,0,0,0,0,1,1,0,NA,0
"693","14139714",5,"25/09/2025 12:18:37","filler","fish",7650.00000000001,TRUE,0,0,0,0,0,0,0,0,0,0,NA,0
"694","14139714",6,"25/09/2025 12:18:43","filler","train",5537.70000007152,TRUE,0,0,0,0,0,0,0,0,0,0,NA,0
"695","14139714",7,"25/09/2025 12:18:48","filler","avocado",5466,TRUE,0,0,0,0,0,0,0,0,0,0,NA,0
"696","14139714",8,"25/09/2025 12:19:00","trees","trees",11918.0000000954,TRUE,0,0,0,0,0,0,0,0,0,1,NA,0
"697","14139714",9,"25/09/2025 12:19:11","filler","jewellery",10487.0000000238,TRUE,0,0,0,0,0,1,0,0,1,1,NA,0
"698","14139714",10,"25/09/2025 12:19:17","filler","puppy",6417.30000007153,TRUE,0,0,0,0,1,0,0,0,1,0,NA,0
"699","14139714",11,"25/09/2025 12:19:23","filler","nasa",6566.4000000477,TRUE,0,0,0,0,0,0,0,0,0,0,NA,0
"700","14139714",12,"25/09/2025 12:19:26","filler","watch",2799.9000000477,TRUE,0,0,0,0,0,0,0,0,0,0,NA,0
"701","14139714",13,"25/09/2025 12:19:45","filler","washpo",18802.6000000477,TRUE,0,0,0,0,0,0,0,0,0,0,NA,0
"702","14139714",14,"25/09/2025 12:20:03","filler","swaps",18348.1000000238,TRUE,0,0,0,0,0,0,0,0,0,0,NA,0
"703","14139714",15,"25/09/2025 12:21:13","filler","yacht",69833.1,TRUE,0,0,0,0,0,0,0,0,0,0,NA,0
"704","14139714",16,"25/09/2025 12:21:26","filler","lyrics",12599.5000000477,TRUE,0,0,0,0,0,0,1,0,1,0,NA,0
"705","14139715",1,"25/09/2025 12:19:39","filler","beckham",56649.9999999523,TRUE,0,0,0,0,0,0,0,0,0,0,NA,0
"706","14139715",2,"25/09/2025 12:20:17","filler","pizza",38001.7000000238,TRUE,0,0,0,0,0,0,0,0,0,0,NA,0
"707","14139715",3,"25/09/2025 12:23:52","filler","swaps",214812.400000024,FALSE,0,0,0,0,0,1,0,0,1,0,"I think I saw something similar on the comedy show 'Dave' a few years back. Not sure if it was based on this story or not.",1
"708","14139715",4,"25/09/2025 12:24:11","filler","lyrics",19083.1,TRUE,0,0,0,0,0,0,0,0,0,0,NA,0
"709","14139715",5,"25/09/2025 12:24:43","filler","washpo",32162.1999999523,TRUE,0,0,0,0,0,0,0,0,0,0,NA,0
"710","14139715",6,"25/09/2025 12:25:46","filler","natgeo",63406.4000000477,TRUE,0,0,0,0,0,0,0,0,0,0,"Fake but interesting pic.",1
"711","14139715",7,"25/09/2025 12:25:59","filler","jewellery",12393.8999999762,TRUE,0,0,0,0,0,0,0,0,0,0,NA,0
"712","14139715",8,"25/09/2025 12:27:27","trees","trees",88428.9,TRUE,0,0,0,0,0,1,0,0,1,0,NA,0
"713","14139715",9,"25/09/2025 12:27:42","filler","puppy",14846.1000000238,TRUE,0,0,0,0,0,0,0,0,0,0,NA,0
"714","14139715",10,"25/09/2025 12:29:00","filler","fish",77933.8999999523,TRUE,0,0,0,0,0,0,0,0,0,0,NA,0
"715","14139715",11,"25/09/2025 12:30:54","filler","starwars",113917.9,FALSE,0,0,0,0,0,0,0,1,1,0,NA,0
"716","14139715",12,"25/09/2025 12:31:16","filler","avocado",21982.3999999999,TRUE,0,0,0,0,0,0,0,0,0,0,NA,0
"717","14139715",13,"25/09/2025 12:32:01","filler","yacht",45183.8,TRUE,0,0,0,0,0,0,0,0,0,0,NA,0
"718","14139715",14,"25/09/2025 12:32:13","filler","watch",12578.7999999762,TRUE,0,0,0,0,0,0,0,0,0,0,NA,0
"719","14139715",15,"25/09/2025 12:33:01","filler","nasa",47677.7999999762,TRUE,0,0,0,0,0,1,0,0,1,0,NA,0
"720","14139715",16,"25/09/2025 12:33:25","filler","train",24428.2000000477,TRUE,0,0,0,0,0,0,0,0,0,0,NA,0
"721","14139717",1,"25/09/2025 12:22:31","filler","puppy",3560.70000000074,TRUE,0,0,0,0,0,0,0,0,0,0,NA,0
"722","14139717",2,"25/09/2025 12:22:33","filler","lyrics",2438.49999999963,TRUE,0,0,0,0,0,0,0,0,0,0,NA,0
"723","14139717",3,"25/09/2025 12:22:40","filler","washpo",6324.20000000074,TRUE,0,0,0,0,0,0,0,0,0,0,NA,0
"724","14139717",4,"25/09/2025 12:22:55","filler","fish",15197,TRUE,0,0,0,0,0,0,0,0,0,0,NA,0
"725","14139717",5,"25/09/2025 12:22:58","filler","train",3578.90000000074,TRUE,0,0,0,0,0,0,0,0,0,0,NA,0
"726","14139717",6,"25/09/2025 12:23:00","filler","starwars",1991.20000000112,TRUE,0,0,0,0,0,0,0,0,0,0,NA,0
"727","14139717",7,"25/09/2025 12:23:06","filler","yacht",5260.80000000037,TRUE,0,0,0,0,0,0,0,0,0,0,NA,0
"728","14139717",8,"25/09/2025 12:23:10","trees","trees",4614.10000000037,TRUE,0,0,0,0,0,0,0,0,0,0,NA,0
"729","14139717",9,"25/09/2025 12:23:13","filler","beckham",2999.30000000075,TRUE,0,0,0,0,0,0,0,0,0,0,NA,0
"730","14139717",10,"25/09/2025 12:23:16","filler","pizza",3005.10000000037,TRUE,0,0,0,0,0,0,0,0,0,0,NA,0
"731","14139717",11,"25/09/2025 12:23:29","filler","nasa",13149.8000000011,TRUE,0,0,0,0,0,1,0,0,1,0,NA,0
"732","14139717",12,"25/09/2025 12:23:34","filler","avocado",4723.40000000111,TRUE,0,0,0,0,0,0,0,0,0,0,NA,0
"733","14139717",13,"25/09/2025 12:23:43","filler","natgeo",9030.00000000112,TRUE,0,0,0,0,0,0,0,0,0,0,NA,0
"734","14139717",14,"25/09/2025 12:23:45","filler","swaps",1804.70000000186,TRUE,0,0,0,0,0,0,0,0,0,0,NA,0
"735","14139717",15,"25/09/2025 12:23:47","filler","jewellery",2065.50000000038,TRUE,0,0,0,0,0,0,0,0,0,0,NA,0
"736","14139717",16,"25/09/2025 12:23:49","filler","watch",2097.89999999963,TRUE,0,0,0,0,0,0,0,0,0,0,NA,0
"737","14139718",1,"25/09/2025 12:17:15","filler","fish",55476.7000000238,TRUE,0,0,0,0,0,0,0,0,0,0,NA,0
"738","14139718",2,"25/09/2025 12:17:44","filler","natgeo",28770.5000000715,TRUE,0,0,0,0,0,1,0,0,1,0,NA,0
"739","14139718",3,"25/09/2025 12:17:57","filler","yacht",12948.3000000954,TRUE,0,0,0,0,0,0,0,0,0,0,NA,0
"740","14139718",4,"25/09/2025 12:18:03","filler","starwars",6566,TRUE,0,0,0,0,0,0,0,0,0,0,NA,0
"741","14139718",5,"25/09/2025 12:18:13","filler","jewellery",10040.4000000954,TRUE,0,0,0,0,0,0,0,0,0,0,NA,0
"742","14139718",6,"25/09/2025 12:18:21","filler","puppy",7322.20000009537,TRUE,0,0,0,1,0,0,0,0,1,0,NA,0
"743","14139718",7,"25/09/2025 12:18:40","filler","nasa",19479.0000000477,TRUE,0,0,0,0,0,0,0,0,0,0,NA,0
"744","14139718",8,"25/09/2025 12:19:10","trees","trees",30019.9000000477,TRUE,0,0,0,0,0,0,0,0,0,0,NA,0
"745","14139718",9,"25/09/2025 12:19:27","filler","train",16587.0000000477,TRUE,0,0,0,0,1,0,0,0,1,0,NA,0
"746","14139718",10,"25/09/2025 12:19:45","filler","lyrics",18215.5,TRUE,0,0,0,0,0,1,0,0,1,0,NA,0
"747","14139718",11,"25/09/2025 12:19:50","filler","pizza",4961.39999999999,TRUE,0,0,0,0,0,0,0,0,0,0,NA,0
"748","14139718",12,"25/09/2025 12:19:53","filler","watch",2852.10000007151,TRUE,0,0,0,0,0,0,0,0,0,0,NA,0
"749","14139718",13,"25/09/2025 12:20:03","filler","swaps",9863.70000002385,TRUE,0,0,0,0,0,0,0,0,0,0,NA,0
"750","14139718",14,"25/09/2025 12:20:06","filler","washpo",3337.90000007153,TRUE,0,0,0,0,0,0,0,0,0,0,NA,0
"751","14139718",15,"25/09/2025 12:20:39","filler","avocado",32649.5,TRUE,0,0,0,0,0,0,0,0,0,0,NA,0
"752","14139718",16,"25/09/2025 12:20:49","filler","beckham",10754.0000000477,TRUE,0,0,0,0,0,0,0,0,0,0,NA,0
"753","14139719",1,"25/09/2025 12:23:09","filler","train",11597.6,TRUE,0,0,0,0,0,0,0,0,0,0,NA,0
"754","14139719",2,"25/09/2025 12:26:54","filler","starwars",224648.1,FALSE,0,0,0,0,0,0,0,0,0,0,NA,0
"755","14139719",3,"25/09/2025 12:27:04","filler","washpo",10503.7000000011,TRUE,0,0,0,0,0,0,0,0,0,0,NA,0
"756","14139719",4,"25/09/2025 12:29:25","filler","nasa",140267.400000001,FALSE,0,0,0,0,0,0,0,0,0,0,NA,0
"757","14139719",5,"25/09/2025 12:29:37","filler","beckham",12108.0000000012,TRUE,0,0,0,0,0,0,0,0,0,0,NA,0
"758","14139719",6,"25/09/2025 12:30:34","filler","natgeo",57634.9000000004,TRUE,0,0,0,0,0,0,0,0,0,0,NA,0
"759","14139719",7,"25/09/2025 12:30:37","filler","puppy",3043.60000000114,TRUE,0,0,0,0,0,0,0,0,0,0,NA,0
"760","14139719",8,"25/09/2025 12:30:45","trees","trees",7760.19999999995,TRUE,0,0,0,0,0,0,0,0,0,0,NA,0
"761","14139719",9,"25/09/2025 12:30:52","filler","swaps",6818.00000000035,TRUE,0,0,0,0,0,0,0,0,0,0,NA,0
"762","14139719",10,"25/09/2025 12:30:58","filler","pizza",5815.69999999995,TRUE,0,0,0,0,0,0,0,0,0,0,NA,0
"763","14139719",11,"25/09/2025 12:31:21","filler","yacht",22862.1,TRUE,0,0,0,0,0,0,0,0,0,0,NA,0
"764","14139719",12,"25/09/2025 12:31:27","filler","lyrics",6073.10000000079,TRUE,0,0,0,0,0,0,0,0,0,0,NA,0
"765","14139719",13,"25/09/2025 12:32:07","filler","jewellery",40503.9000000015,TRUE,0,0,0,0,0,0,0,0,0,0,NA,0
"766","14139719",14,"25/09/2025 12:32:16","filler","fish",9036.30000000109,TRUE,0,0,0,0,0,0,0,0,0,0,NA,0
"767","14139719",15,"25/09/2025 12:32:19","filler","watch",2572.5,TRUE,0,0,0,0,0,0,0,0,0,0,NA,0
"768","14139719",16,"25/09/2025 12:32:32","filler","avocado",13093.2000000004,TRUE,0,0,0,0,0,0,0,0,0,0,NA,0
"769","14139720",1,"25/09/2025 12:17:18","filler","natgeo",19134.699999997,TRUE,0,0,0,0,0,0,0,0,0,0,NA,0
"770","14139720",2,"25/09/2025 12:17:27","filler","jewellery",9033.00000000894,TRUE,0,0,0,0,0,0,0,0,0,0,NA,0
"771","14139720",3,"25/09/2025 12:17:31","filler","watch",4528,TRUE,0,0,0,0,0,0,0,0,0,0,NA,0
"772","14139720",4,"25/09/2025 12:17:41","filler","yacht",9974.30000000596,TRUE,0,0,0,0,0,0,0,0,0,0,NA,0
"773","14139720",5,"25/09/2025 12:17:55","filler","lyrics",14432.0000000089,TRUE,0,0,0,1,0,0,0,0,1,0,NA,0
"774","14139720",6,"25/09/2025 12:18:09","filler","avocado",13396.8000000089,TRUE,0,0,0,0,0,0,0,0,0,0,NA,0
"775","14139720",7,"25/09/2025 12:18:47","filler","fish",37920.400000003,TRUE,0,0,0,0,0,0,0,0,0,0,NA,0
"776","14139720",8,"25/09/2025 12:19:15","trees","trees",27917.499999997,TRUE,0,0,0,1,0,0,0,0,1,0,NA,0
"777","14139720",9,"25/09/2025 12:19:30","filler","pizza",14915.500000006,TRUE,0,0,0,0,0,0,0,0,0,0,NA,0
"778","14139720",10,"25/09/2025 12:19:40","filler","beckham",10477.100000003,TRUE,0,0,0,1,0,0,0,0,1,0,NA,0
"779","14139720",11,"25/09/2025 12:20:02","filler","nasa",21485.7000000089,TRUE,0,0,0,0,0,0,0,0,0,0,NA,0
"780","14139720",12,"25/09/2025 12:20:20","filler","washpo",18332.6000000089,TRUE,0,0,0,1,0,0,0,0,1,0,NA,0
"781","14139720",13,"25/09/2025 12:20:32","filler","puppy",11839.800000009,TRUE,0,0,0,1,0,0,0,0,1,0,NA,0
"782","14139720",14,"25/09/2025 12:20:48","filler","train",16225.1,TRUE,0,0,0,0,0,0,0,0,0,0,NA,0
"783","14139720",15,"25/09/2025 12:21:15","filler","starwars",27606.0000000089,TRUE,0,0,0,0,0,0,0,0,0,0,NA,0
"784","14139720",16,"25/09/2025 12:21:34","filler","swaps",18106.5000000059,TRUE,0,0,0,0,0,0,0,0,0,0,NA,0
"785","14139721",1,"25/09/2025 12:19:16","filler","fish",113113.34,FALSE,0,0,0,0,1,1,0,0,2,0,NA,0
"786","14139721",2,"25/09/2025 12:19:42","filler","natgeo",25737.78,TRUE,0,0,0,0,0,0,0,0,0,0,NA,0
"787","14139721",3,"25/09/2025 12:20:04","filler","avocado",22037.3,TRUE,0,0,0,1,0,0,0,0,1,0,NA,0
"788","14139721",4,"25/09/2025 12:21:17","filler","nasa",72363.78,TRUE,0,0,0,1,0,0,0,0,1,1,NA,0
"789","14139721",5,"25/09/2025 12:21:21","filler","jewellery",4677.01999999999,TRUE,0,0,0,0,0,0,0,0,0,0,NA,0
"790","14139721",6,"25/09/2025 12:21:34","filler","pizza",12676.02,TRUE,0,0,0,1,0,0,0,0,1,0,NA,0
"791","14139721",7,"25/09/2025 12:21:37","filler","beckham",2659.5,TRUE,0,0,0,0,0,0,0,0,0,0,NA,0
"792","14139721",8,"25/09/2025 12:21:39","trees","trees",2472.09999999998,TRUE,0,0,0,0,0,0,0,0,0,0,NA,0
"793","14139721",9,"25/09/2025 12:21:47","filler","lyrics",8125.52000000002,TRUE,0,0,0,0,0,0,1,0,1,1,NA,0
"794","14139721",10,"25/09/2025 12:21:57","filler","yacht",9564.94,TRUE,0,0,0,0,1,0,0,0,1,1,NA,0
"795","14139721",11,"25/09/2025 12:22:04","filler","watch",7055.64000000001,TRUE,0,0,0,0,0,0,0,0,0,0,NA,0
"796","14139721",12,"25/09/2025 12:22:28","filler","puppy",23998.04,TRUE,0,0,0,1,0,0,0,0,1,1,NA,0
"797","14139721",13,"25/09/2025 12:22:38","filler","train",10155.86,TRUE,0,0,0,0,0,0,0,0,0,0,NA,0
"798","14139721",14,"25/09/2025 12:22:43","filler","starwars",4942.35999999999,TRUE,0,0,0,0,0,0,0,0,0,0,NA,0
"799","14139721",15,"25/09/2025 12:22:45","filler","swaps",2307.28000000003,TRUE,0,0,0,0,0,0,0,0,0,0,NA,0
"800","14139721",16,"25/09/2025 12:22:48","filler","washpo",3255.71999999997,TRUE,0,0,0,0,0,0,0,0,0,0,NA,0
"801","14139722",1,"25/09/2025 12:17:42","filler","fish",12105.5000001431,TRUE,0,0,0,0,0,0,0,0,0,0,NA,0
"802","14139722",2,"25/09/2025 12:18:09","filler","pizza",27510.3000000477,TRUE,0,0,0,0,0,1,0,0,1,0,NA,0
"803","14139722",3,"25/09/2025 12:18:24","filler","lyrics",14519.5,TRUE,0,0,0,0,0,0,0,0,0,0,NA,0
"804","14139722",4,"25/09/2025 12:19:28","filler","nasa",64768.2999999523,TRUE,0,0,0,0,0,0,0,0,0,0,NA,0
"805","14139722",5,"25/09/2025 12:19:59","filler","washpo",30137.000000143,TRUE,0,0,0,0,0,0,0,0,0,0,NA,0
"806","14139722",6,"25/09/2025 12:20:29","filler","natgeo",30002.000000143,TRUE,0,0,0,0,0,1,0,0,1,0,NA,0
"807","14139722",7,"25/09/2025 12:20:45","filler","avocado",16285.8000000477,TRUE,0,0,0,0,0,0,0,0,0,0,NA,0
"808","14139722",8,"25/09/2025 12:21:31","trees","trees",46300.4000000477,TRUE,0,0,0,0,0,1,0,0,1,0,NA,0
"809","14139722",9,"25/09/2025 12:22:43","filler","swaps",71377.5000000954,TRUE,0,0,0,0,0,0,0,1,1,0,NA,0
"810","14139722",10,"25/09/2025 12:22:50","filler","watch",7744.29999999999,TRUE,0,0,0,0,0,0,0,0,0,0,NA,0
"811","14139722",11,"25/09/2025 12:23:01","filler","beckham",10700.5,TRUE,0,0,0,0,0,0,0,0,0,0,NA,0
"812","14139722",12,"25/09/2025 12:23:20","filler","train",18921.8000000477,TRUE,0,0,0,0,1,0,0,0,1,0,NA,0
"813","14139722",13,"25/09/2025 12:23:25","filler","puppy",4836.80000009539,TRUE,0,0,0,0,0,0,0,0,0,0,NA,0
"814","14139722",14,"25/09/2025 12:23:38","filler","jewellery",13090.3000001431,TRUE,0,0,0,0,0,0,0,0,0,0,NA,0
"815","14139722",15,"25/09/2025 12:24:47","filler","starwars",69681.1000001431,TRUE,0,0,0,0,0,1,0,0,1,0,NA,0
"816","14139722",16,"25/09/2025 12:25:00","filler","yacht",12836.3000001431,TRUE,0,0,0,0,0,0,0,0,0,0,NA,0
"817","14139724",1,"25/09/2025 12:17:22","filler","lyrics",11357.200000006,TRUE,0,0,0,0,0,0,0,0,0,0,NA,0
"818","14139724",2,"25/09/2025 12:17:44","filler","washpo",21247.8,TRUE,0,0,0,0,0,0,0,0,0,0,NA,0
"819","14139724",3,"25/09/2025 12:18:01","filler","natgeo",17082.099999994,TRUE,0,0,0,0,0,0,0,0,0,0,NA,0
"820","14139724",4,"25/09/2025 12:18:07","filler","watch",6153.70000000596,TRUE,0,0,0,0,0,0,0,0,0,0,NA,0
"821","14139724",5,"25/09/2025 12:18:31","filler","nasa",24168.8999999881,TRUE,0,0,0,0,0,0,0,0,0,0,NA,0
"822","14139724",6,"25/09/2025 12:18:58","filler","train",27102.7000000119,TRUE,0,0,0,0,0,0,0,0,0,0,NA,0
"823","14139724",7,"25/09/2025 12:19:03","filler","puppy",5147.39999999999,TRUE,0,0,0,0,0,0,0,0,0,0,NA,0
"824","14139724",8,"25/09/2025 12:19:22","trees","trees",18715.1,TRUE,0,0,0,0,0,0,0,0,0,0,NA,0
"825","14139724",9,"25/09/2025 12:19:34","filler","jewellery",12514.6999999881,TRUE,0,0,0,0,0,0,0,0,0,0,NA,0
"826","14139724",10,"25/09/2025 12:19:48","filler","pizza",13747.1999999881,TRUE,0,0,0,0,0,0,0,0,0,0,NA,0
"827","14139724",11,"25/09/2025 12:20:31","filler","starwars",42522.0000000119,TRUE,0,0,0,0,0,0,0,0,0,0,NA,0
"828","14139724",12,"25/09/2025 12:20:39","filler","yacht",7969.20000000595,TRUE,0,0,0,0,0,0,0,0,0,0,NA,0
"829","14139724",13,"25/09/2025 12:20:53","filler","avocado",14147.199999994,TRUE,0,0,0,0,0,0,0,0,0,0,NA,0
"830","14139724",14,"25/09/2025 12:21:03","filler","fish",10585.7000000059,TRUE,0,0,0,0,0,0,0,0,0,0,NA,0
"831","14139724",15,"25/09/2025 12:21:19","filler","swaps",15347.300000006,TRUE,0,0,0,0,0,0,0,0,0,0,NA,0
"832","14139724",16,"25/09/2025 12:21:25","filler","beckham",6584.50000000594,TRUE,0,0,0,0,0,0,0,0,0,0,NA,0
"833","14139727",1,"25/09/2025 12:17:07","filler","washpo",4432.9,TRUE,0,0,0,0,0,0,0,0,0,0,NA,0
"834","14139727",2,"25/09/2025 12:17:19","filler","starwars",11775.1000000477,TRUE,0,0,0,0,0,0,0,0,0,0,NA,0
"835","14139727",3,"25/09/2025 12:17:23","filler","jewellery",4216.2,TRUE,0,0,0,0,0,0,0,0,0,0,NA,0
"836","14139727",4,"25/09/2025 12:17:57","filler","nasa",33547.8,TRUE,0,0,0,0,0,0,0,0,0,0,NA,0
"837","14139727",5,"25/09/2025 12:17:59","filler","yacht",2143.99999995231,TRUE,0,0,0,0,0,0,0,0,0,0,NA,0
"838","14139727",6,"25/09/2025 12:18:01","filler","puppy",1708.70000004768,TRUE,0,0,0,0,0,0,0,0,0,0,NA,0
"839","14139727",7,"25/09/2025 12:18:03","filler","avocado",1849.7,TRUE,0,0,0,0,0,0,0,0,0,0,NA,0
"840","14139727",8,"25/09/2025 12:18:06","trees","trees",3370.60000004769,TRUE,0,0,0,0,0,0,0,0,0,0,NA,0
"841","14139727",9,"25/09/2025 12:18:14","filler","swaps",7604.39999997616,TRUE,0,0,0,0,0,0,0,0,0,0,NA,0
"842","14139727",10,"25/09/2025 12:18:16","filler","beckham",2412.69999995231,TRUE,0,0,0,0,0,0,0,0,0,0,NA,0
"843","14139727",11,"25/09/2025 12:18:18","filler","natgeo",2164.99999997616,TRUE,0,0,0,0,0,0,0,0,0,0,NA,0
"844","14139727",12,"25/09/2025 12:18:21","filler","lyrics",2516.30000000002,TRUE,0,0,0,0,0,0,0,0,0,0,NA,0
"845","14139727",13,"25/09/2025 12:18:46","filler","fish",25723.7999999762,TRUE,0,0,0,0,0,0,0,0,0,0,NA,0
"846","14139727",14,"25/09/2025 12:18:48","filler","pizza",1947.2,TRUE,0,0,0,0,0,0,0,0,0,0,NA,0
"847","14139727",15,"25/09/2025 12:18:49","filler","watch",889.199999999997,TRUE,0,0,0,0,0,0,0,0,0,0,NA,0
"848","14139727",16,"25/09/2025 12:18:53","filler","train",3890.60000002384,TRUE,0,0,0,0,0,0,0,0,0,0,NA,0
"849","14139731",1,"25/09/2025 12:18:56","filler","lyrics",12876.099999994,TRUE,0,0,0,1,0,0,0,0,1,0,NA,0
"850","14139731",2,"25/09/2025 12:19:54","filler","swaps",57949.1999999911,TRUE,0,0,0,0,0,1,0,0,1,0,NA,0
"851","14139731",3,"25/09/2025 12:19:57","filler","puppy",2459.20000000298,TRUE,0,0,0,0,0,0,0,0,0,0,NA,0
"852","14139731",4,"25/09/2025 12:20:14","filler","natgeo",16957.7,TRUE,0,0,0,1,0,0,0,0,1,0,NA,0
"853","14139731",5,"25/09/2025 12:20:19","filler","pizza",5546.7,TRUE,0,0,0,0,0,0,0,0,0,0,NA,0
"854","14139731",6,"25/09/2025 12:21:05","filler","starwars",45351.500000003,TRUE,0,0,0,0,0,0,0,0,0,0,NA,0
"855","14139731",7,"25/09/2025 12:21:09","filler","beckham",4046.20000000298,TRUE,0,0,0,0,0,0,0,0,0,0,NA,0
"856","14139731",8,"25/09/2025 12:21:39","trees","trees",30123.8999999911,TRUE,0,0,0,1,0,0,0,0,1,0,NA,0
"857","14139731",9,"25/09/2025 12:21:47","filler","train",8214.59999999701,TRUE,0,0,0,0,0,0,0,0,0,0,NA,0
"858","14139731",10,"25/09/2025 12:21:54","filler","jewellery",6526.89999999106,TRUE,0,0,0,0,0,0,0,0,0,0,NA,0
"859","14139731",11,"25/09/2025 12:22:01","filler","yacht",7812.80000000002,TRUE,0,0,0,0,0,0,0,0,0,0,NA,0
"860","14139731",12,"25/09/2025 12:22:08","filler","watch",6450.39999999403,TRUE,0,0,0,0,0,0,0,0,0,0,NA,0
"861","14139731",13,"25/09/2025 12:22:16","filler","nasa",8058.80000000299,TRUE,0,0,0,0,0,0,0,0,0,0,NA,0
"862","14139731",14,"25/09/2025 12:23:00","filler","washpo",43788.4999999911,TRUE,0,0,0,1,0,0,0,0,1,0,NA,0
"863","14139731",15,"25/09/2025 12:23:09","filler","avocado",9610.19999999402,TRUE,0,0,0,0,0,0,0,0,0,0,NA,0
"864","14139731",16,"25/09/2025 12:23:19","filler","fish",9563.600000003,TRUE,0,0,0,0,0,0,0,0,0,0,NA,0
"865","14139739",1,"25/09/2025 12:44:09","filler","pizza",2640.90000001192,TRUE,0,0,0,0,0,0,0,0,0,0,NA,0
"866","14139739",2,"25/09/2025 12:44:15","filler","puppy",5657.49999996424,TRUE,0,0,0,1,0,0,0,0,1,0,NA,0
"867","14139739",3,"25/09/2025 12:44:30","filler","watch",14996.3,TRUE,0,0,0,0,1,1,0,0,2,0,"amazing
",1
"868","14139739",4,"25/09/2025 12:44:35","filler","lyrics",4892.69999997616,TRUE,0,0,0,0,1,0,0,0,1,0,NA,0
"869","14139739",5,"25/09/2025 12:44:42","filler","fish",7295.90000001192,TRUE,0,0,0,0,0,0,0,0,0,0,NA,0
"870","14139739",6,"25/09/2025 12:44:47","filler","avocado",5222.59999998808,TRUE,0,0,0,0,0,1,0,0,1,0,NA,0
"871","14139739",7,"25/09/2025 12:44:51","filler","nasa",3828.3,TRUE,0,0,0,0,0,0,0,1,1,0,NA,0
"872","14139739",8,"25/09/2025 12:52:02","trees","trees",430695.099999976,FALSE,0,0,0,1,0,0,0,0,1,0,NA,0
"873","14139739",9,"25/09/2025 12:52:05","filler","beckham",2966.50000001193,TRUE,0,0,0,0,0,0,0,0,0,0,NA,0
"874","14139739",10,"25/09/2025 12:52:09","filler","train",3601.29999998806,TRUE,0,0,0,0,0,1,0,0,1,0,NA,0
"875","14139739",11,"25/09/2025 12:52:10","filler","swaps",1721.5,TRUE,0,0,0,0,0,0,0,0,0,0,NA,0
"876","14139739",12,"25/09/2025 12:52:11","filler","jewellery",587.200000011944,TRUE,0,0,0,0,0,0,0,0,0,0,NA,0
"877","14139739",13,"25/09/2025 12:52:15","filler","natgeo",4417.49999996426,TRUE,0,0,0,0,0,0,0,1,1,0,NA,0
"878","14139739",14,"25/09/2025 12:52:18","filler","starwars",2619.39999996423,TRUE,0,0,0,0,0,0,0,0,0,0,NA,0
"879","14139739",15,"25/09/2025 12:52:21","filler","washpo",2731.39999998809,TRUE,0,0,0,0,0,0,0,0,0,0,NA,0
"880","14139739",16,"25/09/2025 12:52:23","filler","yacht",2258.29999998806,TRUE,0,0,0,0,0,0,0,0,0,0,NA,0
"881","14139743",1,"25/09/2025 12:23:22","filler","swaps",128657.500000012,FALSE,0,0,0,0,0,0,0,0,0,0,NA,0
"882","14139743",2,"25/09/2025 12:23:30","filler","beckham",7953.29999999996,TRUE,0,0,0,0,0,0,0,0,0,0,NA,0
"883","14139743",3,"25/09/2025 12:23:45","filler","train",14708.2,TRUE,0,0,0,0,0,0,0,0,0,0,NA,0
"884","14139743",4,"25/09/2025 12:23:51","filler","lyrics",6649.89999998809,TRUE,0,0,0,0,0,0,0,0,0,0,NA,0
"885","14139743",5,"25/09/2025 12:24:02","filler","watch",10927.3000000358,TRUE,0,0,0,0,0,0,0,0,0,0,NA,0
"886","14139743",6,"25/09/2025 12:24:35","filler","natgeo",32611.5,TRUE,0,0,0,0,0,1,0,0,1,0,NA,0
"887","14139743",7,"25/09/2025 12:25:06","filler","yacht",31391.7000000238,TRUE,0,0,0,0,0,0,0,0,0,0,NA,0
"888","14139743",8,"25/09/2025 12:25:47","trees","trees",40400.4999999881,TRUE,0,0,0,0,0,0,0,0,0,0,NA,0
"889","14139743",9,"25/09/2025 12:26:00","filler","pizza",13394.6000000119,TRUE,0,0,0,0,0,0,0,0,0,0,NA,0
"890","14139743",10,"25/09/2025 12:26:12","filler","washpo",11844.5999999881,TRUE,0,0,0,0,0,0,0,0,0,0,NA,0
"891","14139743",11,"25/09/2025 12:27:14","filler","starwars",61966.7000000119,TRUE,0,0,0,0,0,0,0,0,0,0,NA,0
"892","14139743",12,"25/09/2025 12:28:04","filler","fish",50406.5999999881,TRUE,0,0,0,0,0,0,0,0,0,0,NA,0
"893","14139743",13,"25/09/2025 12:28:19","filler","jewellery",14679.8000000358,TRUE,0,0,0,0,0,0,0,0,0,0,NA,0
"894","14139743",14,"25/09/2025 12:28:33","filler","avocado",14449.5000000119,TRUE,0,0,0,0,0,0,0,0,0,0,NA,0
"895","14139743",15,"25/09/2025 12:29:36","filler","nasa",63046.5999999881,TRUE,0,0,0,0,0,0,0,0,0,0,NA,0
"896","14139743",16,"25/09/2025 12:29:42","filler","puppy",5489.39999998803,TRUE,0,0,0,0,0,0,0,0,0,0,NA,0
"897","14139763",1,"25/09/2025 12:44:40","filler","swaps",109758.500000071,FALSE,0,0,0,0,0,0,0,0,0,0,NA,0
"898","14139763",2,"25/09/2025 12:45:07","filler","natgeo",27246.5000000237,TRUE,0,0,0,0,0,0,0,0,0,0,NA,0
"899","14139763",3,"25/09/2025 12:45:18","filler","washpo",10985,TRUE,0,0,0,0,0,0,0,0,0,0,NA,0
"900","14139763",4,"25/09/2025 12:45:53","filler","watch",35525.1000000001,TRUE,0,0,0,0,0,0,0,0,0,0,"Might buy for my girl",1
"901","14139763",5,"25/09/2025 12:46:11","filler","jewellery",17134.5000000237,TRUE,0,0,0,0,0,1,0,0,1,1,NA,0
"902","14139763",6,"25/09/2025 12:46:52","filler","avocado",41206.2000000477,TRUE,0,0,0,0,1,0,0,0,1,0,NA,0
"903","14139763",7,"25/09/2025 12:46:54","filler","train",2336.1999999762,TRUE,0,0,0,0,0,0,0,0,0,0,NA,0
"904","14139763",8,"25/09/2025 12:47:01","trees","trees",6690.39999999967,TRUE,0,0,0,0,0,0,0,0,0,0,NA,0
"905","14139763",9,"25/09/2025 12:47:06","filler","beckham",4905.20000002393,TRUE,0,0,0,0,0,0,0,0,0,0,NA,0
"906","14139763",10,"25/09/2025 12:47:07","filler","nasa",1784.10000000009,TRUE,0,0,0,0,0,0,0,0,0,0,NA,0
"907","14139763",11,"25/09/2025 12:47:09","filler","fish",1647.40000007162,TRUE,0,0,0,0,0,0,0,0,0,0,NA,0
"908","14139763",12,"25/09/2025 12:47:10","filler","pizza",1120.99999999977,TRUE,0,0,0,0,0,0,0,0,0,0,NA,0
"909","14139763",13,"25/09/2025 12:47:20","filler","lyrics",9984.80000000005,TRUE,0,0,0,0,0,0,0,0,0,1,NA,0
"910","14139763",14,"25/09/2025 12:47:28","filler","puppy",7432.20000004768,TRUE,0,0,0,0,0,0,0,0,0,0,NA,0
"911","14139763",15,"25/09/2025 12:47:31","filler","starwars",3093.49999997625,TRUE,0,0,0,0,0,0,0,0,0,0,NA,0
"912","14139763",16,"25/09/2025 12:47:33","filler","yacht",2605.10000004759,TRUE,0,0,0,0,0,0,0,0,0,0,NA,0
"913","14139774",1,"25/09/2025 12:30:33","filler","nasa",53733.3,TRUE,0,0,0,0,0,0,0,0,0,0,NA,0
"914","14139774",2,"25/09/2025 12:30:47","filler","train",13655.6,TRUE,0,0,0,0,0,0,0,0,0,0,NA,0
"915","14139774",3,"25/09/2025 12:30:57","filler","watch",10217.9,TRUE,0,0,0,0,0,0,0,0,0,0,NA,0
"916","14139774",4,"25/09/2025 12:31:21","filler","fish",23311.0000000119,TRUE,0,0,0,0,0,0,0,0,0,0,NA,0
"917","14139774",5,"25/09/2025 12:31:22","filler","starwars",1343.30000001192,TRUE,0,0,0,0,0,0,0,0,0,0,NA,0
"918","14139774",6,"25/09/2025 12:31:36","filler","natgeo",13857.9000000119,TRUE,0,0,0,0,0,0,0,0,0,0,NA,0
"919","14139774",7,"25/09/2025 12:31:42","filler","lyrics",6114.00000001787,TRUE,0,0,0,0,0,0,0,0,0,0,NA,0
"920","14139774",8,"25/09/2025 12:32:02","trees","trees",20570.0000000179,TRUE,0,0,0,0,0,0,0,0,0,0,NA,0
"921","14139774",9,"25/09/2025 12:32:16","filler","washpo",13870.4,TRUE,0,0,0,0,0,0,0,0,0,0,NA,0
"922","14139774",10,"25/09/2025 12:32:25","filler","jewellery",9031.70000000001,TRUE,0,0,0,0,0,0,0,0,0,0,NA,0
"923","14139774",11,"25/09/2025 12:32:36","filler","beckham",10292.199999994,TRUE,0,0,0,0,0,0,0,0,0,0,NA,0
"924","14139774",12,"25/09/2025 12:32:43","filler","puppy",7066.50000001787,TRUE,0,0,0,0,0,0,0,0,0,0,NA,0
"925","14139774",13,"25/09/2025 12:32:53","filler","pizza",10465.100000006,TRUE,0,0,0,0,0,0,0,0,0,0,NA,0
"926","14139774",14,"25/09/2025 12:33:05","filler","avocado",11672.7000000059,TRUE,0,0,0,0,0,0,0,0,0,0,NA,0
"927","14139774",15,"25/09/2025 12:33:41","filler","swaps",36180.6000000179,TRUE,0,0,0,0,0,0,0,0,0,0,NA,0
"928","14139774",16,"25/09/2025 12:33:54","filler","yacht",12788.5000000059,TRUE,0,0,0,0,0,0,0,0,0,0,NA,0
"929","14139823",1,"25/09/2025 12:34:56","filler","train",16042,TRUE,0,0,0,0,0,0,0,0,0,0,NA,0
"930","14139823",2,"25/09/2025 12:35:12","filler","watch",15743,TRUE,0,0,0,0,0,0,0,0,0,0,NA,0
"931","14139823",3,"25/09/2025 12:35:33","filler","natgeo",20972,TRUE,0,0,0,0,0,0,0,0,0,0,NA,0
"932","14139823",4,"25/09/2025 12:35:57","filler","nasa",24101,TRUE,0,0,0,0,0,0,0,0,0,0,NA,0
"933","14139823",5,"25/09/2025 12:36:05","filler","lyrics",8485,TRUE,0,0,0,0,0,0,0,0,0,0,NA,0
"934","14139823",6,"25/09/2025 12:36:30","filler","avocado",24783,TRUE,0,0,0,0,0,1,0,0,1,0,NA,0
"935","14139823",7,"25/09/2025 12:36:35","filler","jewellery",5415,TRUE,0,0,0,0,0,0,0,0,0,0,NA,0
"936","14139823",8,"25/09/2025 12:36:48","trees","trees",12157,TRUE,0,0,0,0,0,0,0,0,0,0,NA,0
"937","14139823",9,"25/09/2025 12:36:53","filler","puppy",5343,TRUE,0,0,0,0,0,0,0,0,0,0,NA,0
"938","14139823",10,"25/09/2025 12:37:03","filler","pizza",9796,TRUE,0,0,0,0,0,0,0,0,0,0,NA,0
"939","14139823",11,"25/09/2025 12:37:14","filler","fish",11614,TRUE,0,0,0,0,0,0,0,0,0,0,NA,0
"940","14139823",12,"25/09/2025 12:38:05","filler","starwars",50401,TRUE,0,0,0,0,0,1,0,0,1,0,NA,0
"941","14139823",13,"25/09/2025 12:38:11","filler","yacht",6714,TRUE,0,0,0,0,0,0,0,0,0,0,NA,0
"942","14139823",14,"25/09/2025 12:38:21","filler","washpo",9311,TRUE,0,0,0,0,0,0,0,0,0,0,NA,0
"943","14139823",15,"25/09/2025 12:38:30","filler","beckham",9293.00000000003,TRUE,0,0,0,0,0,0,0,0,0,0,NA,0
"944","14139823",16,"25/09/2025 12:39:17","filler","swaps",47067,TRUE,0,0,0,0,0,1,0,0,1,0,NA,0
"945","14139839",1,"25/09/2025 12:36:49","filler","puppy",11889.6,TRUE,0,0,0,1,0,0,0,0,1,0,NA,0
"946","14139839",2,"25/09/2025 12:37:01","filler","watch",11990.599999994,TRUE,0,0,0,0,0,0,0,0,0,0,NA,0
"947","14139839",3,"25/09/2025 12:37:26","filler","nasa",24966.799999994,TRUE,0,0,1,0,0,0,0,0,1,0,NA,0
"948","14139839",4,"25/09/2025 12:37:41","filler","beckham",14589.2,TRUE,0,0,0,0,0,1,0,0,1,0,NA,0
"949","14139839",5,"25/09/2025 12:37:53","filler","fish",12775.5000000119,TRUE,0,0,0,0,0,0,0,0,0,0,NA,0
"950","14139839",6,"25/09/2025 12:38:14","filler","train",20396.1999999881,TRUE,0,0,0,0,1,0,0,0,1,0,NA,0
"951","14139839",7,"25/09/2025 12:38:23","filler","pizza",9318,TRUE,0,0,0,0,0,0,0,0,0,0,NA,0
"952","14139839",8,"25/09/2025 12:38:32","trees","trees",9348.79999999997,TRUE,0,0,0,0,0,0,0,0,0,0,NA,0
"953","14139839",9,"25/09/2025 12:38:39","filler","natgeo",6759.79999999405,TRUE,0,0,0,0,0,0,0,0,0,0,NA,0
"954","14139839",10,"25/09/2025 12:38:56","filler","avocado",17107.2000000119,TRUE,0,0,0,0,0,1,0,0,1,0,NA,0
"955","14139839",11,"25/09/2025 12:39:47","filler","swaps",50948.9000000119,TRUE,0,0,0,0,0,0,0,0,0,1,NA,0
"956","14139839",12,"25/09/2025 12:39:53","filler","yacht",5735.10000000597,TRUE,0,0,0,0,0,0,0,0,0,0,NA,0
"957","14139839",13,"25/09/2025 12:39:58","filler","lyrics",5248.69999999405,TRUE,0,0,0,0,0,0,0,0,0,0,NA,0
"958","14139839",14,"25/09/2025 12:41:13","filler","starwars",74776.100000006,TRUE,0,0,0,0,0,1,0,0,1,0,NA,0
"959","14139839",15,"25/09/2025 12:41:22","filler","washpo",9206.39999998809,TRUE,0,0,0,0,0,0,0,0,0,0,NA,0
"960","14139839",16,"25/09/2025 12:41:24","filler","jewellery",2175.20000001194,TRUE,0,0,0,0,0,0,0,0,0,0,NA,0
